name,country
Norsup Airport,Vanuatu
Santo Pekoa International Airport,Vanuatu
Craig Cove Airport,Vanuatu
Bauerfield International Airport,Vanuatu
Aneityum Airport,Vanuatu
Futuna Airport,Vanuatu
Lonorore Airport,Vanuatu
Tanna Airport,Vanuatu
Aniwa Airport,Vanuatu
Dillon's Bay Airport,Vanuatu
Ipota Airport,Vanuatu
Mota Lava Airport,Vanuatu
Sola Airport,Vanuatu
Ulei Airport,Vanuatu
Nadym Airport,Russia
Sovetskiy Airport,Russia
Koltsovo Airport,Russia
Domodedovo International Airport,Russia
Khartoum International Airport,Sudan
Port Sudan New International Airport,Sudan
Beloyarskiy Airport,Russia
Ukhta Airport,Russia
Vnukovo International Airport,Russia
Zvartnots International Airport,Armenia
Mineralnyye Vody Airport,Russia
Saratov Central Airport,Russia
Izhevsk Airport,Russia
Kurgan Airport,Russia
Pulkovo Airport,Russia
Geneina Airport,Sudan
El Fasher Airport,Sudan
Mirny Airport,Russia
Tolmachevo Airport,Russia
Novy Urengoy Airport,Russia
Roshchino International Airport,Russia
Ufa International Airport,Russia
Polyarny Airport,Russia
Ahwaz Airport,Iran
Esfahan Shahid Beheshti International Airport,Iran
Yakutsk Airport,Russia
Yemelyanovo Airport,Russia
Mahshahr Airport,Iran
Tabriz International Airport,Iran
Mehrabad International Airport,Iran
Hurghada International Airport,Egypt
Simon Bolivar International Airport,Colombia
Jose Marti International Airport,Cuba
Pyongyang Sunan International Airport,North Korea
Kuala Lumpur International Airport,Malaysia
Taoxian Airport,China
Vladivostok International Airport,Russia
Bukhara Airport,Uzbekistan
Fuerteventura Airport,Spain
Gran Canaria Airport,Spain
Nouadhibou International Airport,Mauritania
Khabarovsk-Novy Airport,Russia
Tivat Airport,Montenegro
Sheremetyevo International Airport,Russia
Bolshoye Savino Airport,Russia
Kharkiv International Airport,Ukraine
Astrakhan Airport,Russia
Belgorod International Airport,Russia
Jesus Teran Paredo International Airport,Mexico
Ingeniero Alberto Acuna Ongay International Airport,Mexico
Manuel Marquez de Leon International Airport,Mexico
Licenciado Benito Juarez International Airport,Mexico
Coatzacoalcos National Airport,Mexico
General Rafael Buelna International Airport,Mexico
Palenque International Airport,Mexico
General Lucio Blanco International Airport,Mexico
Francisco Sarabia International Airport,Mexico
General Leobardo C. Ruiz International Airport,Mexico
Playa De Oro International Airport,Mexico
Sokol Airport,Russia
Taiping Airport,China
Dnipropetrovsk International Airport,Ukraine
Dresden Airport,Germany
Krakow John Paul II International Airport,Poland
Magnitogorsk International Airport,Russia
Queen Beatrix International Airport,Aruba
Flamingo International Airport,Netherlands Antilles
Hato International Airport,Netherlands Antilles
Josefa Camejo International Airport,Venezuela
La Chinita International Airport,Venezuela
Aberdeen Dyce Airport,United Kingdom
Kirkwall Airport,United Kingdom
Sumburgh Airport,United Kingdom
Rarotonga International Airport,Cook Islands
Luis Munoz Marin International Airport,Puerto Rico
Cyril E. King Airport,Virgin Islands
Henry E Rohlsen Airport,Virgin Islands
Glasgow International Airport,United Kingdom
Tiree Airport,United Kingdom
Ted Stevens Anchorage International Airport,United States
Unalakleet Airport,United States
Inverness Airport,United Kingdom
Stornoway Airport,United Kingdom
Campbell River Airport,Canada
Comox Airport,Canada
Vancouver International Airport,Canada
Port Hardy Airport,Canada
Trail Airport,Canada
Stockholm-Arlanda Airport,Sweden
Halmstad Airport,Sweden
Visby Airport,Sweden
Hattiesburg Laurel Regional Airport,United States
Tupelo Regional Airport,United States
Hemavan Airport,Sweden
Kokkola-Pietarsaari Airport,Finland
Karlstad Airport,Sweden
Mariehamn Airport,Finland
Oslo Lufthavn,Norway
Pori Airport,Finland
Turku Airport,Finland
Sandefjord Airport,Norway
Vilhelmina Airport,Sweden
Vaxjo Kronoberg Airport,Sweden
Hartsfield Jackson Atlanta International Airport,United States
South Bimini Airport,Bahamas
North Eleuthera Airport,Bahamas
Key West International Airport,United States
Fort Lauderdale Hollywood International Airport,United States
Grand Bahama International Airport,Bahamas
Exuma International Airport,Bahamas
Governor's Harbour Airport,Bahamas
Mid Delta Regional Airport,United States
Gainesville Regional Airport,United States
Jacksonville International Airport,United States
Greenbrier Valley Airport,United States
Middle Georgia Regional Airport,United States
Orlando International Airport,United States
Key Field,United States
Leonard M Thompson International Airport,Bahamas
Northwest Alabama Regional Airport,United States
Palm Beach International Airport,United States
Pensacola Regional Airport,United States
Southwest Florida International Airport,United States
Treasure Cay Airport,Bahamas
Tallahassee Regional Airport,United States
Tampa International Airport,United States
Masset Airport,Canada
Jorge Newbery Airpark,Argentina
Comandante Espora Airport,Argentina
San Carlos De Bariloche Airport,Argentina
Ingeniero Ambrosio Taravella Airport,Argentina
General E. Mosconi Airport,Argentina
Brigadier Antonio Parodi Airport,Argentina
Piazzola International Airport,Argentina
El Plumerillo Airport,Argentina
Presidente Peron Airport,Argentina
Capitan Corbeta CA Curbelo International Airport,Uruguay
General Urquiza Airport,Argentina
Almirante Marco Andres Zar Airport,Argentina
Hermes Quijada International Airport,Argentina
Piloto Civil N. Fernandez Airport,Argentina
Islas Malvinas Airport,Argentina
Sauce Viejo Airport,Argentina
Douglas-Charles Airport,Dominica
Terrance B. Lettsome International Airport,British Virgin Islands
Martinique Aime Cesaire International Airport,Martinique
Pointe-a-Pitre Le Raizet,Guadeloupe
King Salmon Airport,United States
Aniak Airport,United States
General Edward Lawrence Logan International Airport,United States
Cold Bay Airport,United States
Dillingham Airport,United States
Long Island Mac Arthur Airport,United States
McGrath Airport,United States
Plattsburgh International Airport,United States
Northern Maine Regional Airport at Presque Isle,United States
Sand Point Airport,United States
St Paul Island Airport,United States
St George Airport,United States
Casa De Campo International Airport,Dominican Republic
Vance W. Amory International Airport,Saint Kitts and Nevis
Punta Cana International Airport,Dominican Republic
Las Americas International Airport,Dominican Republic
Robert L. Bradshaw International Airport,Saint Kitts and Nevis
Cibao International Airport,Dominican Republic
Princess Juliana International Airport,Netherlands Antilles
Benbecula Airport,United Kingdom
Donegal Airport,Ireland
Dublin Airport,Ireland
Edinburgh Airport,United Kingdom
Islay Airport,United Kingdom
Leeds Bradford Airport,United Kingdom
Puerto Lempira Airport,Honduras
Juan Manuel Galvez International Airport,Honduras
Ramon Villeda Morales International Airport,Honduras
Toncontin International Airport,Honduras
Aalborg Airport,Denmark
Billund Airport,Denmark
Molde Airport,Norway
Stord Airport,Norway
Stavanger Airport Sola,Norway
Aitutaki Airport,Cook Islands
Arthur's Town Airport,Bahamas
Lynden Pindling International Airport,Bahamas
New Bight Airport,Bahamas
Altoona Blair County Airport,United States
Raleigh County Memorial Airport,United States
North Central West Virginia Airport,United States
Washington Dulles International Airport,United States
John Murtha Johnstown Cambria County Airport,United States
Morgantown Municipal Walter L. Bill Hart Field,United States
Shenandoah Valley Regional Airport,United States
Helsinki Vantaa Airport,Finland
Albury Airport,Australia
Adelaide International Airport,Australia
Armidale Airport,Australia
Broken Hill Airport,Australia
Bathurst Airport,Canada
Ballina Byron Gateway Airport,Australia
Wynyard Airport,Australia
Ceduna Airport,Australia
Coober Pedy Airport,Australia
Dubbo City Regional Airport,Australia
Griffith Airport,Australia
Grafton Airport,Australia
Mount Isa Airport,Australia
Julia Creek Airport,Australia
Kingscote Airport,Australia
King Island Airport,Australia
Longreach Airport,Australia
Lismore Airport,Australia
Melbourne International Airport,Australia
Mount Gambier Airport,Australia
Merimbula Airport,Australia
Mildura Airport,Australia
Moruya Airport,Australia
Narrandera Airport,Australia
Newcastle Airport,United Kingdom
Orange Airport,Australia
Parkes Airport,Australia
Port Lincoln Airport,Australia
Richmond Airport,Australia
Sydney Kingsford Smith International Airport,Australia
Taree Airport,Australia
Townsville Airport,Australia
Wagga Wagga City Airport,Australia
Winton Airport,Australia
Whyalla Airport,Australia
Vancouver Harbour Water Aerodrome,Canada
Victoria Harbour Seaplane Base,Canada
Bolzano Airport,Italy
Leonardo da Vinci Fiumicino Airport,Italy
Peretola Airport,Italy
Geneva Cointrin International Airport,Switzerland
Isle of Man Airport,Isle of Man
London City Airport,United Kingdom
Rotterdam The Hague Airport,Netherlands
Tampere-Pirkkala Airport,Finland
Stockholm-Bromma Airport,Sweden
Kalmar Airport,Sweden
Ronneby Airport,Sweden
Sundsvall-Harnosand Airport,Sweden
Trollhattan-Vanersborg Airport,Sweden
Amsterdam Airport Schiphol,Netherlands
Belgrade Nikola Tesla Airport,Serbia
Charles de Gaulle International Airport,France
Leipzig/Halle Airport,Germany
Lugano Airport,Switzerland
Stuttgart Airport,Germany
Turin Airport,Italy
Valencia Airport,Spain
Zurich Airport,Switzerland
Oulu Airport,Finland
Vilnius International Airport,Lithuania
Humberside Airport,United Kingdom
Norwich International Airport,United Kingdom
Ostersund Airport,Sweden
Vaasa Airport,Finland
Munich Airport,Germany
Voronezh International Airport,Russia
Gustaf III Airport,France
McCarran International Airport,United States
Los Angeles International Airport,United States
Nantucket Memorial Airport,United States
Clayton J Lloyd International Airport,Anguilla
Westchester County Airport,United States
Teterboro Airport,United States
Nome Airport,United States
Wales Airport,United States
Shaktoolik Airport,United States
Elim Airport,United States
Golovin Airport,United States
Koyuk Alfred Adams Airport,United States
Brevig Mission Airport,United States
Shishmaref Airport,United States
Teller Airport,United States
White Mountain Airport,United States
Anaktuvuk Pass Airport,United States
Fairbanks International Airport,United States
Minchumina Airport,United States
Havre St Pierre Airport,Canada
Port Menier Airport,Canada
Sept-Iles Airport,Canada
Ralph Wien Memorial Airport,United States
Hagerstown Regional Richard A Henson Field,United States
George Bush Intercontinental Houston Airport,United States
Lancaster Airport,United States
Victoria Regional Airport,United States
Richmond International Airport,United States
Detroit Metropolitan Wayne County Airport,United States
Raleigh Durham International Airport,United States
Minneapolis-St Paul International/Wold-Chamberlain Airport,United States
Ronald Reagan Washington National Airport,United States
Norfolk International Airport,United States
St Louis Lambert International Airport,United States
Austin Bergstrom International Airport,United States
Buffalo Niagara International Airport,United States
Charlotte Douglas International Airport,United States
Daytona Beach International Airport,United States
General Mitchell International Airport,United States
Greater Rochester International Airport,United States
Louis Armstrong New Orleans International Airport,United States
Portland International Airport,United States
San Francisco International Airport,United States
Denver International Airport,United States
Chongqing Jiangbei International Airport,China
Taiwan Taoyuan International Airport,Taiwan
Noi Bai International Airport,Vietnam
Kaohsiung International Airport,Taiwan
Macau International Airport,Macau
Philadelphia International Airport,United States
Indianapolis International Airport,United States
Sarasota Bradenton International Airport,United States
Tucson International Airport,United States
Guangzhou Baiyun International Airport,China
Changsha Huanghua International Airport,China
Fuzhou Changle International Airport,China
Hangzhou Xiaoshan International Airport,China
Kunming Changshui International Airport,China
Ningbo Lishe International Airport,China
Nanjing Lukou Airport,China
Taichung Ching Chuang Kang Airport,Taiwan
Tan Son Nhat International Airport,Vietnam
Shenzhen Bao'an International Airport,China
Liuting Airport,China
Xiamen Gaoqi International Airport,China
Zhengzhou Xinzheng International Airport,China
Incheon International Airport,South Korea
Guilin Liangjiang International Airport,China
Okayama Airport,Japan
Phnom Penh International Airport,Cambodia
Yaoqiang Airport,China
Tianjin Binhai International Airport,China
Tunxi International Airport,China
Baltimore/Washington International Thurgood Marshall Airport,United States
Kansas City International Airport,United States
Chicago O'Hare International Airport,United States
Miami International Airport,United States
Eppley Airfield,United States
Louisville International Standiford Field,United States
Pittsburgh International Airport,United States
Gulfport Biloxi International Airport,United States
John F Kennedy International Airport,United States
Akron Canton Regional Airport,United States
Will Rogers World Airport,United States
Syracuse Hancock International Airport,United States
Cincinnati Northern Kentucky International Airport,United States
Albany International Airport,United States
Des Moines International Airport,United States
Greenville Spartanburg International Airport,United States
La Guardia Airport,United States
John Glenn Columbus International Airport,United States
Charleston Air Force Base-International Airport,United States
Piedmont Triad International Airport,United States
Nashville International Airport,United States
Cleveland Hopkins International Airport,United States
Huntsville International Carl T Jones Field,United States
Savannah Hilton Head International Airport,United States
Columbia Metropolitan Airport,United States
Myrtle Beach International Airport,United States
Augusta Regional At Bush Field,United States
Blue Grass Airport,United States
Bradley International Airport,United States
Memphis International Airport,United States
Dane County Regional Truax Field,United States
Birmingham-Shuttlesworth International Airport,United States
Dallas Fort Worth International Airport,United States
Cozumel International Airport,Mexico
Bill & Hillary Clinton National Airport/Adams Field,United States
James M Cox Dayton International Airport,United States
El Paso International Airport,United States
Bishop International Airport,United States
Sangster International Airport,Jamaica
Theodore Francis Green State Airport,United States
Cancun International Airport,Mexico
William P Hobby Airport,United States
Asheville Regional Airport,United States
Lovell Field,United States
Owen Roberts International Airport,Cayman Islands
Wichita Eisenhower National Airport,United States
Harrisburg International Airport,United States
Tulsa International Airport,United States
Lome-Tokoin Airport,Togo
Ouagadougou Airport,Burkina Faso
Modibo Keita International Airport,Mali
Cadjehoun Airport,Benin
Leopold Sedar Senghor International Airport,Senegal
Hamid Karzai International Airport,Afghanistan
San Diego International Airport,United States
Calgary International Airport,Canada
Mc Allen Miller International Airport,United States
Albuquerque International Sunport,United States
Newark Liberty International Airport,United States
Palm Springs International Airport,United States
Barquisimeto International Airport,Venezuela
Reno Tahoe International Airport,United States
Los Cabos International Airport,Mexico
Phoenix Sky Harbor International Airport,United States
Jose Maria Cordova International Airport,Colombia
Toussaint Louverture International Airport,Haiti
Johan Adolf Pengel International Airport,Suriname
Arturo Michelena International Airport,Venezuela
Licenciado Gustavo Diaz Ordaz International Airport,Mexico
Norman Y. Mineta San Jose International Airport,United States
Sacramento International Airport,United States
Chengdu Shuangliu International Airport,China
Hefei Luogang International Airport,China
Longdongbao Airport,China
Nanning Wuxu Airport,China
Shijiazhuang Daguocun International Airport,China
Taipei Songshan Airport,Taiwan
Taiyuan Wusu Airport,China
Baghdad International Airport,Iraq
Erbil International Airport,Iraq
Tbilisi International Airport,Georgia
Maturin Airport,Venezuela
General Manuel Carlos Piar International Airport,Venezuela
Mashhad International Airport,Iran
Shiraz Shahid Dastghaib International Airport,Iran
Indira Gandhi International Airport,India
Zahedan International Airport,Iran
Konarak Airport,Iran
Abadan Airport,Iran
Shahid Sadooghi Airport,Iran
Sardar-e-Jangal Airport,Iran
Bandar Abbas International Airport,Iran
Kish International Airport,Iran
Shahid Ashrafi Esfahani Airport,Iran
Dasht-e Naz Airport,Iran
Port Bouet Airport,Cote d'Ivoire
Kotoka International Airport,Ghana
Lungi International Airport,Sierra Leone
Roberts International Airport,Liberia
Suvarnabhumi Airport,Thailand
Don Mueang International Airport,Thailand
Hong Kong International Airport,Hong Kong
Phuket International Airport,Thailand
El Tehuelche Airport,Argentina
Martin Miguel De Guemes International Airport,Argentina
City of Colorado Springs Municipal Airport,United States
Lubbock Preston Smith International Airport,United States
General Mariano Escobedo International Airport,Mexico
Ontario International Airport,United States
San Antonio International Airport,United States
Salt Lake City International Airport,United States
Dubai International Airport,United Arab Emirates
Don Miguel Hidalgo Y Costilla International Airport,Mexico
Bellingham International Airport,United States
Verona Villafranca Airport,Italy
Milano Linate Airport,Italy
Naples International Airport,Italy
Olbia Costa Smeralda Airport,Italy
Lehigh Valley International Airport,United States
Fort Wayne International Airport,United States
General Wayne A. Downing Peoria International Airport,United States
St Petersburg Clearwater International Airport,United States
Orlando Sanford International Airport,United States
McGhee Tyson Airport,United States
Phoenix-Mesa-Gateway Airport,United States
The Eastern Iowa Airport,United States
Hector International Airport,United States
Joe Foss Field Airport,United States
Lester B. Pearson International Airport,Canada
Montreal / Pierre Elliott Trudeau International Airport,Canada
Cardiff International Airport,United Kingdom
Durham Tees Valley Airport,United Kingdom
Kenneth Kaunda International Airport Lusaka,Zambia
Simon Mwansa Kapwepwe International Airport,Zambia
Livingstone Airport,Zambia
Eleftherios Venizelos International Airport,Greece
Dimokritos Airport,Greece
Ioannis Kapodistrias International Airport,Greece
Kefallinia Airport,Greece
Heraklion International Nikos Kazantzakis Airport,Greece
Ikaria Airport,Greece
Chios Island National Airport,Greece
Sitia Airport,Greece
Kithira Airport,Greece
Kastoria National Airport,Greece
Limnos Airport,Greece
Mytilene International Airport,Greece
Aktion National Airport,Greece
Diagoras Airport,Greece
Thessaloniki Macedonia International Airport,Greece
Skiros Airport,Greece
Samos Airport,Greece
Zakynthos International Airport 'Dionysios Solomos',Greece
Lilongwe International Airport,Malawi
Mfuwe Airport,Zambia
King Shaka International Airport,South Africa
Ben Schoeman Airport,South Africa
OR Tambo International Airport,South Africa
Maputo Airport,Mozambique
Hendrik Van Eck Airport,South Africa
Port Elizabeth Airport,South Africa
Dijon-Bourgogne Airport,France
East Midlands Airport,United Kingdom
Lorient South Brittany (Bretagne Sud) Airport,France
Lyon Saint-Exupery Airport,France
Southampton Airport,United Kingdom
Toulouse-Blagnac Airport,France
Wick Airport,United Kingdom
Bhadrapur Airport,Nepal
Bharatpur Airport,Nepal
Biratnagar Airport,Nepal
Gautam Buddha Airport,Nepal
Dhangarhi Airport,Nepal
Janakpur Airport,Nepal
Nepalgunj Airport,Nepal
Tribhuvan International Airport,Nepal
Pokhara Airport,Nepal
Tumling Tar Airport,Nepal
La Isabela International Airport,Dominican Republic
Cap Haitien International Airport,Haiti
Providenciales Airport,Turks and Caicos Islands
Jersey Airport,Jersey
Birmingham International Airport,United Kingdom
Bremen Airport,Germany
Munster Osnabruck Airport,Germany
Bergen Airport Flesland,Norway
Dusseldorf Airport,Germany
Edmonton International Airport,Canada
Hay River / Merlyn Carter Airport,Canada
Kelowna International Airport,Canada
Fort McMurray Airport,Canada
Fort Chipewyan Airport,Canada
Red Deer Regional Airport,Canada
Fort Smith Airport,Canada
Yellowknife Airport,Canada
Anglesey Airport,United Kingdom
Sveg Airport,Sweden
Hagfors Airport,Sweden
Lulea Airport,Sweden
Mora Airport,Sweden
Pajala Airport,Sweden
Lennart Meri Tallinn Airport,Estonia
Torsby Airport,Sweden
Kuressaare Airport,Estonia
Tashkent International Airport,Uzbekistan
Termez Airport,Uzbekistan
Urgench Airport,Uzbekistan
Karshi Khanabad Airport,Uzbekistan
Nukus Airport,Uzbekistan
Navoi Airport,Uzbekistan
Brussels Airport,Belgium
Winnipeg / James Armstrong Richardson International Airport,Canada
Thompson Airport,Canada
Churchill Airport,Canada
Aarhus Airport,Denmark
Gothenburg-Landvetter Airport,Sweden
Manchester Airport,United Kingdom
Flin Flon Airport,Canada
The Pas Airport,Canada
Rankin Inlet Airport,Canada
Augsburg Airport,Germany
Marseille Provence Airport,France
EuroAirport Basel-Mulhouse-Freiburg Airport,France
Luxembourg-Findel International Airport,Luxembourg
Nuremberg Airport,Germany
Vienna International Airport,Austria
Kristiansand Airport,Norway
Skopje Alexander the Great Airport,Macedonia
Innsbruck Airport,Austria
Minsk National Airport,Belarus
Platov International Airport,Russia
Cologne Bonn Airport,Germany
Bordeaux-Merignac Airport,France
Santorini Airport,Greece
Falcone Borsellino Airport,Italy
Lviv International Airport,Ukraine
Akureyri Airport,Iceland
Egilsstadir Airport,Iceland
Reykjavik Airport,Iceland
Geraldton Airport,Australia
Perth International Airport,Australia
Norman Manley International Airport,Jamaica
Bocas Del Toro International Airport,Panama
Cap Manuel Nino International Airport,Panama
Enrique Malek International Airport,Panama
Marcos A. Gelabert International Airport,Panama
Juan Santamaria International Airport,Costa Rica
Alberto Carnevalli Airport,Venezuela
Dr. Antonio Nicolas Briceno Airport,Venezuela
Antwerp International Airport (Deurne),Belgium
Brest Bretagne Airport,France
Deauville-Saint-Gatien Airport,France
Paris-Orly Airport,France
Bukavu Kavumu Airport,Democratic Republic of Congo
Beni Airport,Democratic Republic of Congo
Bunia Airport,Democratic Republic of Congo
Goma International Airport,Democratic Republic of Congo
Matari Airport,Democratic Republic of Congo
Kongolo Airport,Democratic Republic of Congo
Bayankhongor Airport,Mongolia
Choibalsan Airport,Mongolia
Dongshan Airport,China
Khovd Airport,Mongolia
Altai Airport,Mongolia
Muren Airport,Mongolia
Manzhouli Xijiao Airport,China
Chinggis Khaan International Airport,Mongolia
Donoi Airport,Mongolia
Albany Airport,Australia
Busselton Regional Airport,Australia
Esperance Airport,Australia
Ravensthorpe Airport,Australia
Sirri Island Airport,Iran
Olympic Dam Airport,Australia
Maumere(Wai Oti) Airport,Indonesia
Abu Dhabi International Airport,United Arab Emirates
Gerald R. Ford International Airport,United States
Baita International Airport,China
Tongliao Airport,China
Yantai Laishan Airport,China
Tapachula International Airport,Mexico
General Francisco Javier Mina International Airport,Mexico
Ottawa Macdonald-Cartier International Airport,Canada
Durango La Plata County Airport,United States
Rapid City Regional Airport,United States
Manchester-Boston Regional Airport,United States
Appleton International Airport,United States
Abilene Regional Airport,United States
Lafayette Regional Airport,United States
Sheppard Air Force Base-Wichita Falls Municipal Airport,United States
Tyler Pounds Regional Airport,United States
Montgomery Regional (Dannelly Field) Airport,United States
Manhattan Regional Airport,United States
Quad City International Airport,United States
Rochester International Airport,United States
Sioux Gateway Col. Bud Day Field,United States
Cherry Capital Airport,United States
Texarkana Regional Webb Field,United States
University of Illinois Willard Airport,United States
Central Nebraska Regional Airport,United States
Laredo International Airport,United States
Midland International Airport,United States
Waterloo Regional Airport,United States
Watertown International Airport,United States
Charlottesville Albemarle Airport,United States
Evansville Regional Airport,United States
Wilmington International Airport,United States
Hermanos Serdan International Airport,Mexico
Queretaro Intercontinental Airport,Mexico
Roanoke Blacksburg Regional Airport,United States
Roswell International Air Center Airport,United States
Ponciano Arriaga International Airport,Mexico
Southeast Texas Regional Airport,United States
Lake Charles Regional Airport,United States
Northwest Arkansas Regional Airport,United States
Easterwood Field,United States
Waco Regional Airport,United States
Kalamazoo Battle Creek International Airport,United States
Central Illinois Regional Airport at Bloomington-Normal,United States
Columbia Regional Airport,United States
General Roberto Fierro Villalobos International Airport,Mexico
Central Wisconsin Airport,United States
Dubuque Regional Airport,United States
Fort Smith Regional Airport,United States
Garden City Regional Airport,United States
East Texas Regional Airport,United States
Jackson-Medgar Wiley Evers International Airport,United States
Lawton Fort Sill Regional Airport,United States
La Crosse Municipal Airport,United States
Santa Fe Municipal Airport,United States
Springfield Branson National Airport,United States
Toledo Express Airport,United States
Waterloo Airport,Canada
Baton Rouge Metropolitan Airport,United States
Destin-Ft Walton Beach Airport,United States
Nampula Airport,Mozambique
Pemba Airport,Mozambique
Copenhagen Kastrup Airport,Denmark
Frankfurt am Main Airport,Germany
Chingozi Airport,Mozambique
Venice Marco Polo Airport,Italy
Alexandria International Airport,United States
Rick Husband Amarillo International Airport,United States
Robert Gray  Army Air Field Airport,United States
San Angelo Regional Mathis Field,United States
Metz-Nancy-Lorraine Airport,France
Nice-Cote d'Azur Airport,France
Lille-Lesquin Airport,France
Malpensa International Airport,Italy
Strasbourg Airport,France
Monroe Regional Airport,United States
Mobile Regional Airport,United States
El Dorado International Airport,Colombia
Bologna Guglielmo Marconi Airport,Italy
Boryspil International Airport,Ukraine
Barcelona International Airport,Spain
Francisco de Sa Carneiro Airport,Portugal
Humberto Delgado Airport (Lisbon Portela Airport),Portugal
Adolfo Suarez Madrid Barajas Airport,Spain
Bilbao Airport,Spain
Antonio Roldan Betancourt Airport,Colombia
Biarritz-Anglet-Bayonne Airport,France
Clermont-Ferrand Auvergne Airport,France
Nantes Atlantique Airport,France
Grand Junction Regional Airport,United States
Austin Straubel International Airport,United States
Joplin Regional Airport,United States
General Francisco J. Mujica International Airport,Mexico
Sawyer International Airport,United States
German Olano Airport,Colombia
Obando Airport,Colombia
Kumasi Airport,Ghana
Murtala Muhammed International Airport,Nigeria
Tamale Airport,Ghana
Bristol Airport,United Kingdom
Esbjerg Airport,Denmark
Harstad/Narvik Airport,Norway
Kristiansund Airport (Kvernberget),Norway
Bachigualato Federal International Airport,Mexico
General Ignacio P. Garcia International Airport,Mexico
Jomo Kenyatta International Airport,Kenya
Malta International Airport,Malta
Ivano-Frankivsk International Airport,Ukraine
Hawarden Airport,United Kingdom
Shah Amanat International Airport,Bangladesh
Cox's Bazar Airport,Bangladesh
Hazrat Shahjalal International Airport,Bangladesh
Jessore Airport,Bangladesh
Osmany International Airport,Bangladesh
Kristianstad Airport,Sweden
Marechal Rondon Airport,Brazil
Santa Genoveva Airport,Brazil
Ji-Parana Airport,Brazil
Leite Lopes Airport,Brazil
Batumi International Airport,Georgia
Istanbul Airport,Turkey
Belbek Airport,Ukraine
Bram Fischer International Airport,South Africa
Kruger Mpumalanga International Airport,South Africa
Polokwane International Airport,South Africa
Vilankulo Airport,Mozambique
Pierre Van Ryneveld Airport,South Africa
Vaclav Havel Airport Prague,Czech Republic
Hannover Airport,Germany
Linkoeping City Airport,Sweden
Addis Ababa Bole International Airport,Ethiopia
Lubumbashi International Airport,Democratic Republic of Congo
Djibouti-Ambouli Airport,Djibouti
Del Bajio International Airport,Mexico
Bujumbura International Airport,Burundi
Kigali International Airport,Rwanda
Enua Airport,Cook Islands
Mangaia Island Airport,Cook Islands
Mitiaro Island Airport,Cook Islands
Mauke Airport,Cook Islands
Val de Cans/Julio Cezar Ribeiro International Airport,Brazil
Anqing Tianzhushan Airport,China
Changzhi Airport,China
Zhoushuizi Airport,China
Nanchang Changbei International Airport,China
Ganzhou Airport,China
Lianyungang Airport,China
Liuzhou Bailian Airport,China
Shanghai Hongqiao International Airport,China
Sanya Phoenix International Airport,China
Wuhan Tianhe International Airport,China
Xiangyang Liuji Airport,China
Beira Airport,Mozambique
Guarulhos - Governador Andre Franco Montoro International Airport,Brazil
Fresno Yosemite International Airport,United States
JAGS McCartney International Airport,Turks and Caicos Islands
Uray Airport,Russia
Sochi International Airport,Russia
Chisinau International Airport,Moldova
Henri Coanda International Airport,Romania
Canyonlands Field,United States
Elko Regional Airport,United States
Gillette Campbell County Airport,United States
Southwest Wyoming Regional Airport,United States
Joslin Field Magic Valley Regional Airport,United States
Vernal Regional Airport,United States
Samana El Catey International Airport,Dominican Republic
Gregorio Luperon International Airport,Dominican Republic
Altamira Airport,Brazil
Itaituba Airport,Brazil
Monte Dourado Airport,Brazil
Maestro Wilson Fonseca Airport,Brazil
Dubrovnik Airport,Croatia
Osijek Airport,Croatia
Rijeka Airport,Croatia
Zagreb Airport,Croatia
Darwin International Airport,Australia
Elcho Island Airport,Australia
Gove Airport,Australia
Groote Eylandt Airport,Australia
Milingimbi Airport,Australia
Maningrida Airport,Australia
Quelimane Airport,Mozambique
Lichinga Airport,Mozambique
California Redwood Coast-Humboldt County Airport,United States
Meadows Field,United States
Jack Mc Namara Field Airport,United States
Chico Municipal Airport,United States
Mc Clellan-Palomar Airport,United States
Mahlon Sweet Field,United States
Laramie Regional Airport,United States
Crater Lake-Klamath Regional Airport,United States
Modesto City Co-Harry Sham Field,United States
Monterey Peninsula Airport,United States
Pueblo Memorial Airport,United States
Redding Municipal Airport,United States
Roberts Field,United States
Santa Barbara Municipal Airport,United States
San Luis County Regional Airport,United States
Seattle Tacoma International Airport,United States
Santa Maria Pub/Capt G Allan Hancock Field,United States
Yuma MCAS/Yuma International Airport,United States
Barreiras Airport,Brazil
Presidente Juscelino Kubistschek International Airport,Brazil
Afonso Pena Airport,Brazil
Pampulha - Carlos Drummond de Andrade Airport,Brazil
Santos Dumont Airport,Brazil
Prof. Eribelto Manoel Reino State Airport,Brazil
Deputado Luiz Eduardo Magalhaes International Airport,Brazil
Ten. Cel. Aviador Cesar Bombonato Airport,Brazil
Vitoria da Conquista Airport,Brazil
Riverton Regional Airport,United States
Sheridan County Airport,United States
Warsaw Chopin Airport,Poland
Campo Grande Airport,Brazil
Viracopos International Airport,Brazil
Zumbi dos Palmares Airport,Brazil
Santa Maria Airport,Portugal
Tancredo Neves International Airport,Brazil
Hercilio Luz International Airport,Brazil
Pinto Martins International Airport,Brazil
Rio Galeo Tom Jobim International Airport,Brazil
Cataratas International Airport,Brazil
Mario Ribeiro Airport,Brazil
Ministro Victor Konder International Airport,Brazil
Salgado Filho Airport,Brazil
Eurico de Aguiar Salles Airport,Brazil
Copernicus Wroclaw Airport,Poland
Queen Alia International Airport,Jordan
Cairo International Airport,Egypt
Larnaca International Airport,Cyprus
Basrah International Airport,Iraq
Lauro Carneiro de Loyola Airport,Brazil
Eduardo Gomes International Airport,Brazil
Governador Jorge Teixeira de Oliveira Airport,Brazil
Guernsey Airport,Guernsey
London Gatwick Airport,United Kingdom
Tefe Airport,Brazil
Eilat Airport,Israel
Ben Gurion International Airport,Israel
Tripoli International Airport,Libya
Catania-Fontanarossa Airport,Italy
King Fahd International Airport,Saudi Arabia
Benina International Airport,Libya
Porto Seguro Airport,Brazil
Carajos Airport,Brazil
Hugo Cantergiani Regional Airport,Brazil
Fernando de Noronha Airport,Brazil
Prefeito Renato Moreira Airport,Brazil
Bahia - Jorge Amado Airport,Brazil
Presidente Castro Pinto International Airport,Brazil
Joao Correa da Rocha Airport,Brazil
Greater Natal International Airport,Brazil
Presidente Joao Batista Figueiredo Airport,Brazil
Guararapes - Gilberto Freyre International Airport,Brazil
Marechal Cunha Machado International Airport,Brazil
Tabatinga Airport,Brazil
Senador Petronio Portela Airport,Brazil
Malaga Airport,Spain
Alicante International Airport,Spain
Exeter International Airport,United Kingdom
Faro Airport,Portugal
Palma De Mallorca Airport,Spain
Bari Karol Wojtyla Airport,Italy
Cagliari Elmas Airport,Italy
Cluj-Napoca International Airport,Romania
Gdansk Lech Walesa Airport,Poland
Westerland Sylt Airport,Germany
Tirana International Airport Mother Teresa,Albania
Podgorica Airport,Montenegro
Chifeng Airport,China
Ordos Ejin Horo Airport,China
Bayannur Tianjitai Airport,China
Xi'an Xianyang International Airport,China
Governador Jose Richa Airport,Brazil
Nelson Ribeiro Guimaraes Airport,Brazil
Brigadeiro Lysias Rodrigues Airport,Brazil
Placido de Castro Airport,Brazil
Camilo Ponce Enriquez Airport,Ecuador
Aktau Airport,Kazakhstan
Entebbe International Airport,Uganda
Robert Gabriel Mugabe International Airport,Zimbabwe
Juba International Airport,South Sudan
Linz Horsching Airport,Austria
Monsenor Oscar Arnulfo Romero International Airport,El Salvador
Sde Dov Airport,Israel
Regional de Maringa Airport,Brazil
Cacoal Airport,Brazil
Professor Urbano Ernesto Stumpf Airport,Brazil
Brisbane International Airport,Australia
Proserpine Whitsunday Coast Airport,Australia
Karratha Airport,Australia
Port Hedland International Airport,Australia
Canberra International Airport,Australia
Coffs Harbour Airport,Australia
Cairns International Airport,Australia
Hervey Bay Airport,Australia
Christmas Island Airport,Christmas Island
Rafael Nunez International Airport,Colombia
La Aurora Airport,Guatemala
Tocumen International Airport,Panama
Urumqi Diwopu International Airport,China
Alfonso Bonilla Aragon International Airport,Colombia
Augusto C. Sandino (Managua) International Airport,Nicaragua
Aksu Airport,China
Hotan Airport,China
Kashgar Airport,China
Yaounde Nsimalen International Airport,Cameroon
Ivato Airport,Madagascar
Ibiza Airport,Spain
Mombasa Moi International Airport,Kenya
Graz Airport,Austria
Kzyl-Orda Southwest Airport,Kazakhstan
Astana International Airport,Kazakhstan
Halifax / Stanfield International Airport,Canada
Varna Airport,Bulgaria
London Stansted Airport,United Kingdom
Sofia Airport,Bulgaria
Haikou Meilan International Airport,China
Yining Airport,China
Aktobe Airport,Kazakhstan
Almaty Airport,Kazakhstan
Ust-Kamennogorsk Airport,Kazakhstan
Brindisi Salento Airport,Italy
Hamburg Airport,Germany
St. John's International Airport,Canada
Zhanjiang Airport,China
Sary-Arka Airport,Kazakhstan
Kalgoorlie Boulder Airport,Australia
Paris Beauvais Tille Airport,France
Surgut Airport,Russia
Burlington International Airport,United States
Deer Lake Airport,Canada
Regina International Airport,Canada
Saskatoon John G. Diefenbaker International Airport,Canada
Whitehorse / Erik Nielsen International Airport,Canada
Piloto Osvaldo Marques Dias Airport,Brazil
Congonhas Airport,Brazil
Presidente Joao Suassuna Airport,Brazil
Orlando Bezerra de Menezes Airport,Brazil
Senador Nilo Coelho Airport,Brazil
Hualien Airport,Taiwan
Kinmen Airport,Taiwan
Meixian Airport,China
Makung Airport,Taiwan
Naha Airport,Japan
Taitung Airport,Taiwan
Pau Pyrenees Airport,France
Suboficial Ay Santiago Germano Airport,Argentina
Aviador C. Campos Airport,Argentina
Catamarca Airport,Argentina
Ministro Pistarini International Airport,Argentina
Formosa Airport,Argentina
Cataratas Del Iguazu International Airport,Argentina
Capitan V A Almonacid Airport,Argentina
Gobernador Horacio Guzman International Airport,Argentina
Brigadier Mayor D Cesar Raul Ojeda Airport,Argentina
Carrasco International /General C L Berisso Airport,Uruguay
Termas de Rio Hondo international Airport,Argentina
Santa Rosa Airport,Argentina
Comodoro Arturo Merino Benitez International Airport,Chile
Gobernador Castello Airport,Argentina
Silvio Pettirossi International Airport,Paraguay
Philip S. W. Goldson International Airport,Belize
Jose Joaquin de Olmedo International Airport,Ecuador
Jorge Chavez International Airport,Peru
Alesund Airport,Norway
Comiso Airport,Italy
A Coruna Airport,Spain
Trondheim Airport,Norway
Vigo Airport,Spain
Worcester Regional Airport,United States
Portland International Jetport Airport,United States
Stewart International Airport,United States
Federico Garcia Lorca Airport,Spain
Menorca Airport,Spain
Ninoy Aquino International Airport,Philippines
Tainan Airport,Taiwan
Gustavo Rojas Pinilla International Airport,Colombia
Ernesto Cortissoz International Airport,Colombia
Palonegro Airport,Colombia
Camilo Daza International Airport,Colombia
Coronel FAP Francisco Secada Vignetta International Airport,Peru
Alfredo Vasquez Cobo International Airport,Colombia
Daniel Oduber Quiros International Airport,Costa Rica
Matecana International Airport,Colombia
Mariscal Sucre International Airport,Ecuador
Beihai Airport,China
Changzhou Benniu Airport,China
Dunhuang Airport,China
Zhijiang Airport,China
Hami Airport,China
Liping Airport,China
Jiujiang Lushan Airport,China
Kuqa Airport,China
Luoyang Airport,China
Xinyuan Nalati Airport,China
Nanyang Jiangying Airport,China
Tacheng Airport,China
Zhuhai Jinwan Airport,China
Mariscal Lamar Airport,Ecuador
Eloy Alfaro International Airport,Ecuador
Francisco De Orellana Airport,Ecuador
Jumandy Airport,Ecuador
Coronel E Carvajal Airport,Ecuador
Burgas Airport,Bulgaria
Paphos International Airport,Cyprus
Altay Air Base,China
Alashankou Bole (Bortala) airport,China
Changde Airport,China
Longjia Airport,China
Datong Airport,China
Fuyang Xiguan Airport,China
Lianshui Airport,China
Qingyang Airport,China
Jiagedaqi Airport,China
Quanzhou Jinjiang International Airport,China
Jiamusi Airport,China
Korla Airport,China
Karamay Airport,China
Lanzhou Zhongchuan Airport,China
Shubuling Airport,China
Luzhou Airport,China
Mudanjiang Hailang International Airport,China
Mianyang Airport,China
Nanchong Airport,China
Beijing Capital International Airport,China
Jieyang Chaoshan International Airport,China
Tongren Fenghuang Airport,China
Yulin Yuyang Airport,China
Wenzhou Longwan International Airport,China
Yiwu Airport,China
Zunyi Xinzhou Airport,China
Heydar Aliyev International Airport,Azerbaijan
Ganja Airport,Azerbaijan
Shymkent Airport,Kazakhstan
Zhezkazgan Airport,Kazakhstan
Manas International Airport,Kyrgyzstan
Kostanay West Airport,Kazakhstan
Kurumoch International Airport,Russia
Kazan International Airport,Russia
Omsk Central Airport,Russia
Pavlodar Airport,Kazakhstan
Chileka International Airport,Malawi
Julius Nyerere International Airport,Tanzania
Douala International Airport,Cameroon
Sir Seretse Khama International Airport,Botswana
Bastia-Poretta Airport,France
Shanhaiguan Airport,China
Zhangjiakou Ningyuan Airport,China
Cloncurry Airport,Australia
Odessa International Airport,Ukraine
Quatro de Fevereiro Airport,Angola
Zaragoza Air Base,Spain
Antonio Jose de Sucre Airport,Venezuela
Jose Leonardo Chirinos Airport,Venezuela
Cheddi Jagan International Airport,Guyana
Point Salines International Airport,Grenada
General Bartolome Salom International Airport,Venezuela
Del Caribe Santiago Marino International Airport,Venezuela
Piarco International Airport,Trinidad and Tobago
Cacique Aramare Airport,Venezuela
Mayor Buenaventura Vivas International Airport,Venezuela
Juan Pablo Perez Alfonso Airport,Venezuela
Ayers Rock Connellan Airport,Australia
Cocos (Keeling) Islands Airport,Cocos (Keeling) Islands
Gold Coast Airport,Australia
Xoxocotlan International Airport,Mexico
Beirut Rafic Hariri International Airport,Lebanon
Mosul International Airport,Iraq
Montpellier-Mediterranee Airport,France
Chicago Midway International Airport,United States
George Best Belfast City Airport,United Kingdom
Minot International Airport,United States
Bangor International Airport,United States
Glacier Park International Airport,United States
Bahrain International Airport,Bahrain
Muscat International Airport,Oman
Hamad International Airport,Qatar
Kuwait International Airport,Kuwait
King Khaled International Airport,Saudi Arabia
Salalah Airport,Oman
Pisa International Airport,Italy
Ancona Falconara Airport,Italy
Es Senia Airport,Algeria
Trieste Friuli Venezia Giulia Airport,Italy
Imam Khomeini International Airport,Iran
Robin Hood Doncaster Sheffield Airport,United Kingdom
Great Falls International Airport,United States
Helena Regional Airport,United States
Sulaymaniyah International Airport,Iraq
King Abdulaziz International Airport,Saudi Arabia
Genoa Cristoforo Colombo Airport,Italy
Kilimanjaro International Airport,Tanzania
Budapest Liszt Ferenc International Airport,Hungary
Riga International Airport,Latvia
Katowice International Airport,Poland
New Chitose Airport,Japan
Yamagata Airport,Japan
Hanamaki Airport,Japan
Osaka International Airport,Japan
Kumamoto Airport,Japan
Joensuu Airport,Finland
Kagoshima Airport,Japan
Aswan International Airport,Egypt
Prince Mohammad Bin Abdulaziz Airport,Saudi Arabia
Nejran Airport,Saudi Arabia
Gassim Airport,Saudi Arabia
Prince Abdulmohsin Bin Abdulaziz Airport,Saudi Arabia
Abha Regional Airport,Saudi Arabia
Sharurah Airport,Saudi Arabia
Santiago Perez Airport,Colombia
Fabio Alberto Leon Bentley Airport,Colombia
Antonio Narino Airport,Colombia
Vanguardia Airport,Colombia
Borg El Arab International Airport,Egypt
Calvi-Sainte-Catherine Airport,France
Ljubljana Joze Pucnik Airport,Slovenia
Ciudad Obregon International Airport,Mexico
Valle del Fuerte International Airport,Mexico
General Rivadeneira Airport,Ecuador
Santa Rosa International Airport,Ecuador
Cotopaxi International Airport,Ecuador
Conakry International Airport,Guinea
Aomori Airport,Japan
Fukuoka Airport,Japan
Kochi Airport,Japan
Niigata Airport,Japan
Matsumoto Airport,Japan
Nagoya Airport,Japan
Tokyo Haneda International Airport,Japan
Misawa Air Base,Japan
Nagasaki Airport,Japan
Sendai Airport,Japan
Nanki Shirahama Airport,Japan
Malindi Airport,Kenya
Szczecin-Goleni Airport,Poland
Abu Simbel Airport,Egypt
Assiut International Airport,Egypt
Sohag International Airport,Egypt
Marsa Alam International Airport,Egypt
Sharm El Sheikh International Airport,Egypt
St Gallen Altenrhein Airport,Switzerland
Broome International Airport,Australia
Presidente Nicolau Lobato International Airport,East Timor
Kununurra Airport,Australia
Al-Jawf Domestic Airport,Saudi Arabia
Al Qaisumah/Hafr Al Batin Airport,Saudi Arabia
Bisha Airport,Saudi Arabia
Al Wajh Domestic Airport,Saudi Arabia
Ha'il Airport,Saudi Arabia
Al Ahsa Airport,Saudi Arabia
Arar Domestic Airport,Saudi Arabia
Rafha Domestic Airport,Saudi Arabia
Turaif Domestic Airport,Saudi Arabia
Tabuk Airport,Saudi Arabia
Majeed Bin Abdulaziz Airport,Saudi Arabia
Wadi Al Dawasir Airport,Saudi Arabia
McArthur River Mine Airport,Australia
Longana Airport,Vanuatu
Walaha Airport,Vanuatu
Gaua Island Airport,Vanuatu
Moro Airport,Papua New Guinea
Honiara International Airport,Solomon Islands
Suavanao Airport,Solomon Islands
Lourdes de Blanc Sablon Airport,Canada
Chevery Airport,Canada
La Romaine Airport,Canada
Ua Pou Airport,French Polynesia
Morondava Airport,Madagascar
Toamasina Airport,Madagascar
Antsirabato Airport,Madagascar
Maroantsetra Airport,Madagascar
Gerrard Smith International Airport,Cayman Islands
Grise Fiord Airport,Canada
Resolute Bay Airport,Canada
Drake Bay Airport,Costa Rica
Arenal Airport,Costa Rica
Golfito Airport,Costa Rica
Puerto Jimenez Airport,Costa Rica
Tobias Bolanos International Airport,Costa Rica
Iqaluit Airport,Canada
Kimmirut Airport,Canada
Jaque Airport,Panama
Puerto Obaldia Airport,Panama
Wekweeti Airport,Canada
Fort Simpson Airport,Canada
Whati Airport,Canada
Rae Lakes Airport,Canada
Lutselk'e Airport,Canada
Virgin Gorda Airport,British Virgin Islands
Vieques Airport,Puerto Rico
Barra Airport,United Kingdom
Campbeltown Airport,United Kingdom
Mount Hagen Kagamuga Airport,Papua New Guinea
Cicia Airport,Fiji
Vunisea Airport,Fiji
Lakeba Island Airport,Fiji
Nadi International Airport,Fiji
Rotuma Airport,Fiji
Nausori International Airport,Fiji
Savusavu Airport,Fiji
Matei Airport,Fiji
Vanua Balavu Airport,Fiji
Praslin Airport,Seychelles
Seychelles International Airport,Seychelles
Inuvik Mike Zubko Airport,Canada
Fort Good Hope Airport,Canada
Norman Wells Airport,Canada
Deline Airport,Canada
Tulita Airport,Canada
Choiseul Bay Airport,Solomon Islands
Sege Airport,Solomon Islands
Fera/Maringe Airport,Solomon Islands
Nusatupe Airport,Solomon Islands
Ngorangora Airport,Solomon Islands
Kaghau Airport,Solomon Islands
Munda Airport,Solomon Islands
Santa Ana Airport,Solomon Islands
Ramata Airport,Solomon Islands
Ulawa Airport,Solomon Islands
Rennell/Tingoa Airport,Solomon Islands
Edward Bodden Airfield,Cayman Islands
Mananara Nord Airport,Madagascar
Lamen Bay Airport,Vanuatu
Lamap Airport,Vanuatu
Maewo-Naone Airport,Vanuatu
Tavie Airport,Vanuatu
Sara Airport,Vanuatu
Southwest Bay Airport,Vanuatu
Torres Airstrip,Vanuatu
Pointe Vele Airport,Wallis and Futuna
Hihifo Airport,Wallis and Futuna
Ile Art - Waala Airport,New Caledonia
Noumea Magenta Airport,New Caledonia
Koumac Airport,New Caledonia
Lifou Airport,New Caledonia
Tiga Airport,New Caledonia
Touho Airport,New Caledonia
Ouvea Airport,New Caledonia
Hiva Oa-Atuona Airport,French Polynesia
Nuku Hiva Airport,French Polynesia
Ua Huka Airport,French Polynesia
Nain Airport,Canada
Hopedale Airport,Canada
St Augustin Airport,Canada
Makkovik Airport,Canada
Natashquan Airport,Canada
Natuashish Airport,Canada
Rigolet Airport,Canada
Postville Airport,Canada
Goose Bay Airport,Canada
Kegaska Airport,Canada
La Tabatiare Airport,Canada
Tete-a-la-Baleine Airport,Canada
F. D. Roosevelt Airport,Netherlands Antilles
Juancho E. Yrausquin Airport,Netherlands Antilles
Ketchikan International Airport,United States
Metlakatla Seaplane Base,United States
Elfin Cove Seaplane Base,United States
Juneau International Airport,United States
Hydaburg Seaplane Base,United States
Klawock Airport,United States
Daru Airport,Papua New Guinea
Goroka Airport,Papua New Guinea
Port Moresby Jacksons International Airport,Papua New Guinea
Kangerlussuaq Airport,Greenland
Rockhampton Airport,Australia
Coastal Carolina Regional Airport,United States
Tari Airport,Papua New Guinea
Kiunga Airport,Papua New Guinea
Tri-State/Milton J. Ferguson Field,United States
Miyazaki Airport,Japan
Albert J Ellis Airport,United States
Sam Ratulangi Airport,Indonesia
Coimbatore International Airport,India
Dabolim Airport,India
Rajiv Gandhi International Airport,India
Chennai International Airport,India
Chubu Centrair International Airport,Japan
Male International Airport,Maldives
Trivandrum International Airport,India
Sisimiut Airport,Greenland
Godthaab / Nuuk Airport,Greenland
Maniitsoq Airport,Greenland
LTS Pulau Redang Airport,Malaysia
Singapore Changi Airport,Singapore
Sultan Abdul Aziz Shah International Airport,Malaysia
Richards Bay Airport,South Africa
Saarbrucken Airport,Germany
Berlin-Tegel Airport,Germany
Inhambane Airport,Mozambique
Chimoio Airport,Mozambique
Rzeszow-Jasionka Airport,Poland
Ireland West Knock Airport,Ireland
Tamworth Airport,Australia
Emerald Airport,Australia
Gladstone Airport,Australia
Horn Island Airport,Australia
Launceston Airport,Australia
Mackay Airport,Australia
Moranbah Airport,Australia
Roma Airport,Australia
Haugesund Airport,Norway
Kirkenes Airport,Norway
Tromso Airport,Norway
Quebec Jean Lesage International Airport,Canada
Greater Moncton International Airport,Canada
Split Airport,Croatia
Boise Air Terminal/Gowen Field,United States
Cape Town International Airport,South Africa
Kimberley Airport,South Africa
Tiksi Airport,Russia
Prince George Airport,Canada
Salzburg Airport,Austria
Madang Airport,Papua New Guinea
Basco Airport,Philippines
Catarman National Airport,Philippines
Surigao Airport,Philippines
Tuguegarao Airport,Philippines
Karpathos Airport,Greece
Ioannina Airport,Greece
Skiathos Island National Airport,Greece
Alexander the Great International Airport,Greece
Rogue Valley International Medford Airport,United States
Mammoth Yosemite Airport,United States
Metropolitan Oakland International Airport,United States
Charles M. Schulz Sonoma County Airport,United States
Khrabrovo Airport,Russia
Fredericton Airport,Canada
Saint John Airport,Canada
Billy Bishop Toronto City Centre Airport,Canada
Fort St John Airport,Canada
Charlottetown Airport,Canada
Victoria International Airport,Canada
Bergerac-Roumaniere Airport,France
Limoges Airport,France
La Rochelle-Ile de Re Airport,France
Rennes-Saint-Jacques Airport,France
Walla Walla Regional Airport,United States
Billings Logan International Airport,United States
Gallatin Field,United States
Pangborn Memorial Airport,United States
Spokane International Airport,United States
Loreto International Airport,Mexico
Lewiston Nez Perce County Airport,United States
Missoula International Airport,United States
Tri Cities Airport,United States
Pullman Moscow Regional Airport,United States
Yakima Air Terminal McAllister Field,United States
Newquay Cornwall Airport,United Kingdom
Liverpool John Lennon Airport,United Kingdom
Waterford Airport,Ireland
Palanga International Airport,Lithuania
Ulgii Mongolei Airport,Mongolia
Ulaangom Airport,Mongolia
Lublin Airport,Poland
Zadar Airport,Croatia
Angouleme-Brie-Champniers Airport,France
Figari Sud-Corse Airport,France
Poznan-Lawica Airport,Poland
Luxor International Airport,Egypt
Madeira Airport,Portugal
Joao Paulo II Airport,Portugal
Iasi Airport,Romania
Klagenfurt Airport,Austria
Sibiu International Airport,Romania
Bol Airport,Croatia
Pristina International Airport,Serbia
Pula Airport,Croatia
Sarajevo International Airport,Bosnia and Herzegovina
Sault Ste Marie Airport,Canada
Windsor Airport,Canada
Thunder Bay Airport,Canada
Sudbury Airport,Canada
Timmins/Victor M. Power,Canada
Calbayog Airport,Philippines
Jolo Airport,Philippines
Francisco B. Reyes Airport,Philippines
Naga Airport,Philippines
Zamboanga International Airport,Philippines
Kimbe Airport,Papua New Guinea
Nadzab Airport,Papua New Guinea
Tokua Airport,Papua New Guinea
Vanimo Airport,Papua New Guinea
Wewak International Airport,Papua New Guinea
Blackall Airport,Australia
Paraburdoo Airport,Australia
Port Macquarie Airport,Australia
Ignatyevo Airport,Russia
Irkutsk Airport,Russia
Krasnodar Pashkovsky International Airport,Russia
Uytash Airport,Russia
Chulman Airport,Russia
Nogliki Airport,Russia
Ulan-Ude Airport (Mukhino),Russia
Hoedspruit Air Force Base Airport,South Africa
Eagle County Regional Airport,United States
Yampa Valley Airport,United States
Montrose Regional Airport,United States
Nnamdi Azikiwe International Airport,Nigeria
Ibadan Airport,Nigeria
Mallam Aminu International Airport,Nigeria
Warri Airport,Nigeria
Kamembe Airport,Rwanda
Bodo Airport,Norway
Brandon Municipal Airport,Canada
Nanaimo Airport,Canada
Kamloops Airport,Canada
Grande Prairie Airport,Canada
Northwest Regional Airport Terrace-Kitimat,Canada
Florence Regional Airport,United States
Tri-Cities Regional TN/VA Airport,United States
Charleville Airport,Australia
Moree Airport,Australia
Gurney Airport,Papua New Guinea
Girua Airport,Papua New Guinea
Barcaldine Airport,Australia
Bundaberg Airport,Australia
Devonport Airport,Australia
Weipa Airport,Australia
Dharavandhoo Airport,Maldives
Hanimaadhoo Airport,Maldives
Kaadedhdhoo Airport,Maldives
Gaspe (Michel-Pouliot) Airport,Canada
Alta Airport,Norway
Andoya Airport,Norway
Bronnoysund Airport,Norway
Floro Airport,Norway
Skien Airport,Norway
Lynchburg Regional Preston Glenn Field,United States
Auckland International Airport,New Zealand
Nelson Airport,New Zealand
Tauranga Airport,New Zealand
Woodbourne Airport,New Zealand
Gisborne Airport,New Zealand
Wellington International Airport,New Zealand
Whangarei Airport,New Zealand
V.C. Bird International Airport,Antigua and Barbuda
Sir Grantley Adams International Airport,Barbados
Argyle International Airport,Saint Vincent and the Grenadines
Christchurch International Airport,New Zealand
Invercargill Airport,New Zealand
Hawke's Bay Airport,New Zealand
New Plymouth Airport,New Zealand
Palmerston North Airport,New Zealand
Gan International Airport,Maldives
Godofredo P. Ramos Airport,Philippines
Marina Di Campo Airport,Italy
Friedrichshafen Airport,Germany
Wilkes Barre Scranton International Airport,United States
Greater Binghamton/Edwin A Link field,United States
Elmira Corning Regional Airport,United States
Erie International Tom Ridge Field,United States
Fayetteville Regional Grannis Field,United States
Hilton Head Airport,United States
Tweed New Haven Airport,United States
Williamsport Regional Airport,United States
Ithaca Tompkins Regional Airport,United States
Newport News Williamsburg International Airport,United States
Salisbury Ocean City Wicomico Regional Airport,United States
University Park Airport,United States
Castlegar/West Kootenay Regional Airport,Canada
Prince Rupert Airport,Canada
Cranbrook/Canadian Rockies International Airport,Canada
Smithers Airport,Canada
Penticton Airport,Canada
Sandspit Airport,Canada
Eugene F. Correira International Airport,Guyana
George F. L. Charles Airport,Saint Lucia
Paraparaumu Airport,New Zealand
Rotorua Regional Airport,New Zealand
Moises R. Espinosa Airport,Philippines
Tabubil Airport,Papua New Guinea
Toowoomba Airport,Australia
Hamilton Island Airport,Australia
Banak Airport,Norway
Kooddoo Airport,Maldives
Kadhdhoo Airport,Maldives
Batsfjord Airport,Norway
Berlevag Airport,Norway
Hasvik Airport,Norway
Hammerfest Airport,Norway
Valan Airport,Norway
Mehamn Airport,Norway
Mosjoen Airport,Norway
Namsos Airport,Norway
Stokmarknes Skagen Airport,Norway
Vardo Airport,Norway
Vadso Airport,Norway
Enrique Olaya Herrera Airport,Colombia
Perales Airport,Colombia
Los Garzones Airport,Colombia
Benito Salas Airport,Colombia
Tres De Mayo Airport,Colombia
El Carano Airport,Colombia
Fukue Airport,Japan
Iki Airport,Japan
Tsushima Airport,Japan
London Airport,Canada
Iles-de-la-Madeleine Airport,Canada
Leknes Airport,Norway
Mo i Rana Airport,Norway
Narvik Framnes Airport,Norway
Rost Airport,Norway
Roervik Airport,Norway
Sorkjosen Airport,Norway
Sandnessjoen Airport,Norway
Svolvar Helle Airport,Norway
Baie Comeau Airport,Canada
CFB Bagotville,Canada
Sydney / J.A. Douglas McCurdy Airport,Canada
Rouyn Noranda Airport,Canada
Val-d'Or Airport,Canada
Wabush Airport,Canada
North Bay Jack Garland Airport,Canada
Mont Joli Airport,Canada
Northern Peninsula Airport,Australia
Aurukun Airport,Australia
Bedourie Airport,Australia
Boulia Airport,Australia
Burketown Airport,Australia
Birdsville Airport,Australia
Cunnamulla Airport,Australia
Coen Airport,Australia
Doomadgee Airport,Australia
Pormpuraaw Airport,Australia
Lockhart River Airport,Australia
Kowanyama Airport,Australia
Normanton Airport,Australia
Mornington Island Airport,Australia
Quilpie Airport,Australia
Windorah Airport,Australia
Thargomindah Airport,Australia
Orsta-Volda Airport,Norway
Roros Airport,Norway
Sandane Airport (Anda),Norway
Sogndal Airport,Norway
General Jose Antonio Anzoategui International Airport,Venezuela
Dundee Airport,United Kingdom
Bern Belp Airport,Switzerland
Mannheim-City Airport,Germany
Licenciado Manuel Crescencio Rejon Int Airport,Mexico
General Heriberto Jara International Airport,Mexico
Carlos Rovirosa Perez International Airport,Mexico
Pamplona Airport,Spain
Asturias Airport,Spain
Ibn Batouta Airport,Morocco
Perpignan-Rivesaltes Airport,France
Sevilla Airport,Spain
Jerez Airport,Spain
Ngurah Rai (Bali) International Airport,Indonesia
Juanda International Airport,Indonesia
Fatmawati Soekarno Airport,Indonesia
Soekarno-Hatta International Airport,Indonesia
Toulon-Hyeres Airport,France
Pattimura Airport,Indonesia
Syamsudin Noor Airport,Indonesia
Kalimarau Airport,Indonesia
Sultan Aji Muhamad Sulaiman Airport,Indonesia
Hang Nadim International Airport,Indonesia
Sentani International Airport,Indonesia
Adi Sutjipto International Airport,Indonesia
El Tari Airport,Indonesia
Lombok International Airport,Indonesia
Rendani Airport,Indonesia
Sultan Mahmud Badaruddin II Airport,Indonesia
Dominique Edward Osok Airport,Indonesia
Achmad Yani Airport,Indonesia
Radin Inten II (Branti) Airport,Indonesia
Raja Haji Fisabilillah International Airport,Indonesia
Juwata Airport,Indonesia
Sultan Khairun Babullah Airport,Indonesia
Hasanuddin International Airport,Indonesia
Shreveport Regional Airport,United States
Brownsville South Padre Island International Airport,United States
Pocatello Regional Airport,United States
Memanbetsu Airport,Japan
MBS International Airport,United States
Barinas Airport,Venezuela
Amado Nervo National Airport,Mexico
Piedras Negras International Airport,Mexico
Rostock-Laage Airport,Germany
Timisoara Traian Vuia Airport,Romania
Bismarck Municipal Airport,United States
Gombe Lawanti International Airport,Nigeria
Almeria International Airport,Spain
Menara Airport,Morocco
Bob Hope Airport,United States
Duluth International Airport,United States
Long Beach /Daugherty Field/ Airport,United States
Paderborn Lippstadt Airport,Germany
Xingyi Airport,China
Lanzarote Airport,Spain
Benin Airport,Nigeria
Sadiq Abubakar III International Airport,Nigeria
Yola Airport,Nigeria
Sfax Thyna International Airport,Tunisia
Tunis Carthage International Airport,Tunisia
Baise Youjiang Airport,China
Anshun Huangguoshu Airport,China
Baotou Airport,China
Bijie Feixiong Airport,China
Dongying Shengli Airport,China
Handan Airport,China
Jining Qufu Airport,China
Wuzhou Changzhoudao Airport,China
Xichang Qingshan Airport,China
Xining Caojiabu Airport,China
Lleida-Alguaire Airport,Spain
Tarbes-Lourdes-Pyrenees Airport,France
Santiago de Compostela Airport,Spain
Tenerife Norte Airport,Spain
Kufra Airport,Libya
Houari Boumediene Airport,Algeria
Ghat Airport,Libya
La Abraq Airport,Libya
Ghadames East Airport,Libya
Gardabya Airport,Libya
Gamal Abdel Nasser Airport,Libya
Banjul International Airport,Gambia
Praia International Airport,Cape Verde
Monastir Habib Bourguiba International Airport,Tunisia
Ilorin International Airport,Nigeria
Kaduna Airport,Nigeria
Akwa Ibom International Airport,Nigeria
South Bend Regional Airport,United States
Oita Airport,Japan
Hiroshima Airport,Japan
Komatsu Airport,Japan
Narita International Airport,Japan
Donetsk International Airport,Ukraine
Dehradun Airport,India
Allahabad Airport,India
Caen-Carpiquet Airport,France
Quimper-Cornouaille Airport,France
Agra Airport,India
Biju Patnaik Airport,India
Chhatrapati Shivaji International Airport,India
Gwalior Airport,India
Vir Savarkar International Airport,India
Jabalpur Airport,India
Chaudhary Charan Singh International Airport,India
Surat Airport,India
Jinzhou Airport,China
Jackson Hole Airport,United States
Al Ghaidah International Airport,Yemen
Aden International Airport,Yemen
Ataq Airport,Yemen
Sayun International Airport,Yemen
Hodeidah International Airport,Yemen
Mukalla International Airport,Yemen
Sana'a International Airport,Yemen
Socotra International Airport,Yemen
Sharjah International Airport,United Arab Emirates
Ta'izz International Airport,Yemen
Walvis Bay Airport,Namibia
Aspen-Pitkin Co/Sardy Field,United States
George Airport,South Africa
Chelyabinsk Balandino Airport,Russia
Begishevo Airport,Russia
Nizhnevartovsk Airport,Russia
Taganrog Yuzhny Airport,Russia
Bugulma Airport,Russia
Cheboksary Airport,Russia
Elista Airport,Russia
Tunoshna Airport,Russia
Pobedilovo Airport,Russia
Petrozavodsk Airport,Russia
Penza Airport,Russia
Sabiha Gokcen International Airport,Turkey
Syktyvkar Airport,Russia
Saransk Airport,Russia
Ulyanovsk Baratayevka Airport,Russia
Vorkuta Airport,Russia
Volgograd International Airport,Russia
Cherepovets Airport,Russia
Kirovsk-Apatity Airport,Russia
Murmansk Airport,Russia
Velikiy Ustyug Airport,Russia
Qianjiang Wulingshan Airport,China
Herat Airport,Afghanistan
Kandahar Airport,Afghanistan
Mazar I Sharif Airport,Afghanistan
Leon Airport,Spain
San Javier Airport,Spain
Burgos Airport,Spain
Logrono-Agoncillo Airport,Spain
Salamanca Airport,Spain
Valladolid Airport,Spain
Hosea Kutako International Airport,Namibia
Kogalym International Airport,Russia
Noyabrsk Airport,Russia
Nyagan Airport,Russia
Salekhard Airport,Russia
Hoonah Airport,United States
Haines Airport,United States
Skagway Airport,United States
Tambor Airport,Costa Rica
Quepos Managua Airport,Costa Rica
Gustavus Airport,United States
Alderney Airport,Guernsey
Dinard-Pleurtuit-Saint-Malo Airport,France
L'Esperance Airport,Guadeloupe
Kodiak Airport,United States
Larsen Bay Airport,United States
Benjamin Rivera Noriega Airport,Puerto Rico
Uru Harbour Airport,Solomon Islands
Marau Airport,Solomon Islands
Eday Airport,United Kingdom
Sanday Airport,United Kingdom
North Ronaldsay Airport,United Kingdom
Papa Westray Airport,United Kingdom
Stronsay Airport,United Kingdom
Westray Airport,United Kingdom
Siwo Airport,Vanuatu
Tongoa Airport,Vanuatu
Valesdir Airport,Vanuatu
Qaqortoq Heliport,Greenland
Nanortalik Heliport,Greenland
Narsaq Heliport,Greenland
Qaarsut Airport,Greenland
Alluitsup Paa Heliport,Greenland
Qaanaaq Airport,Greenland
Thule Air Base,Greenland
Narsarsuaq Airport,Greenland
Uummannaq Heliport,Greenland
Hokitika Airfield,New Zealand
Kerikeri Airport,New Zealand
Cheyenne Regional Jerry Olson Field,United States
Worland Municipal Airport,United States
Margate Airport,South Africa
Plettenberg Bay Airport,South Africa
Kingston Norman Rogers Airport,Canada
Lethbridge County Airport,Canada
Gander International Airport,Canada
Quesnel Airport,Canada
Williams Lake Airport,Canada
Medicine Hat Airport,Canada
Chris Hadfield Airport,Canada
Hamilton International Airport,New Zealand
Kaitaia Airport,New Zealand
Timaru Airport,New Zealand
Taupo Airport,New Zealand
Wanganui Airport,New Zealand
Whakatane Airport,New Zealand
Westport Airport,New Zealand
Le Havre Octeville Airport,France
Perigueux-Bassillac Airport,France
Le Puy-Loudes Airport,France
Mc Cook Ben Nelson Regional Airport,United States
Powell River Airport,Canada
San Luis Valley Regional Bergman Field,United States
Dodge City Regional Airport,United States
Liberal Mid-America Regional Airport,United States
San Tome Airport,Venezuela
Kone Airport,New Caledonia
Moorea Airport,French Polynesia
Faa'a International Airport,French Polynesia
General Servando Canales International Airport,Mexico
Chesterfield Inlet Airport,Canada
Arviat Airport,Canada
Whale Cove Airport,Canada
Multan International Airport,Pakistan
Jinnah International Airport,Pakistan
Batna Airport,Algeria
Biskra Airport,Algeria
Ain Arnat Airport,Algeria
Tobago-Crown Point Airport,Trinidad and Tobago
Wolter Monginsidi Airport,Indonesia
Bahawalpur Airport,Pakistan
Alama Iqbal International Airport,Pakistan
Shaikh Zaid Airport,Pakistan
Sukkur Airport,Pakistan
Ain el Beida Airport,Algeria
Mactan Cebu International Airport,Philippines
Netaji Subhash Chandra Bose International Airport,India
Silchar Airport,India
Daniel Z. Romualdez Airport,Philippines
Paro Airport,Bhutan
New Islamabad International Airport,Pakistan
Quetta International Airport,Pakistan
Ornskoldsvik Airport,Sweden
Bacolod-Silay Airport,Philippines
Camiguin Airport,Philippines
Laguindingan Airport,Philippines
Sibulan Airport,Philippines
Dipolog Airport,Philippines
Francisco Bangoy International Airport,Philippines
Siargao Airport,Philippines
Legazpi City International Airport,Philippines
Labo Airport,Philippines
Pagadian Airport,Philippines
Baker Lake Airport,Canada
Coral Harbour Airport,Canada
Sittwe Airport,Burma
Heho Airport,Burma
Kawthoung Airport,Burma
Mandalay International Airport,Burma
Myeik Airport,Burma
Bagan Airport,Burma
Yangon International Airport,Burma
Thandwe Airport,Burma
Tachileik Airport,Burma
Dawei Airport,Burma
Rabah Bitat Airport,Algeria
Touat Cheikh Sidi Mohamed Belkebir Airport,Algeria
Bordj Badji Mokhtar Airport,Algeria
Bechar Boudghene Ben Ali Lotfi Airport,Algeria
Mohamed Boudiaf International Airport,Algeria
El Bayadh Airport,Algeria
El Golea Airport,Algeria
Guemar Airport,Algeria
Noumerat - Moufdi Zakaria Airport,Algeria
Oued Irara Airport,Algeria
Hassi R'Mel Airport,Algeria
In Amenas Airport,Algeria
In Salah Airport,Algeria
Ghriss Airport,Algeria
Mecheria Airport,Algeria
Cheikh Larbi Tebessi Airport,Algeria
Touggourt Sidi Madhi Airport,Algeria
Bou Chekif Airport,Algeria
Aguenar Hadj Bey Akhamok Airport,Algeria
Agatti Airport,India
Kempegowda International Airport,India
Cochin International Airport,India
Kangra Airport,India
Lokpriya Gopinath Bordoloi International Airport,India
Imphal Airport,India
Mangalore International Airport,India
Kanpur Airport,India
Kullu Manali Airport,India
Ludhiana Airport,India
Shillong Airport,India
Licenciado Miguel de la Madrid Airport,Mexico
General Pedro Jose Mendez International Airport,Mexico
El Lencero Airport,Mexico
Lazard Cardenas Airport,Mexico
El Tajin National Airport,Mexico
Puerto Escondido International Airport,Mexico
Jyvaskyla Airport,Finland
Ajaccio-Napoleon Bonaparte Airport,France
Avignon-Caumont Airport,France
Buri Ram Airport,Thailand
Chumphon Airport,Thailand
Loei Airport,Thailand
Mae Sot Airport,Thailand
Nan Airport,Thailand
Phrae Airport,Thailand
Ranong Airport,Thailand
Husein Sastranegara International Airport,Indonesia
Muhammad Salahuddin Airport,Indonesia
Betoambari Airport,Indonesia
Babo Airport,Indonesia
Ende (H Hasan Aroeboesman) Airport,Indonesia
Fakfak Airport,Indonesia
Kao Airport,Indonesia
Kaimana Airport,Indonesia
Komodo Airport,Indonesia
Dumatumbun Airport,Indonesia
Syukuran Aminuddin Amir Airport,Indonesia
Abdul Rachman Saleh Airport,Indonesia
Melangguane Airport,Indonesia
Nabire Airport,Indonesia
Ranai Airport,Indonesia
Pangkal Pinang (Depati Amir) Airport,Indonesia
Kasiguncu Airport,Indonesia
Buluh Tumbang (H A S Hanandjoeddin) Airport,Indonesia
Tambolaka Airport,Indonesia
Umbu Mehang Kunda Airport,Indonesia
La Tontouta International Airport,New Caledonia
St Pierre Airport,Saint Pierre and Miquelon
Chitral Airport,Pakistan
Dalbandin Airport,Pakistan
Dera Ismael Khan Airport,Pakistan
Gilgit Airport,Pakistan
Gwadar International Airport,Pakistan
Skardu Airport,Pakistan
Moenjodaro Airport,Pakistan
Peshawar International Airport,Pakistan
Panjgur Airport,Pakistan
Zhob Airport,Pakistan
Turbat International Airport,Pakistan
Ile des Pins Airport,New Caledonia
Mare Airport,New Caledonia
Antonio B. Won Pat International Airport,Guam
Rota International Airport,Northern Mariana Islands
Saipan International Airport,Northern Mariana Islands
Gabes Matmata International Airport,Tunisia
Gafsa Ksar International Airport,Tunisia
Badajoz Airport,Spain
Ahe Airport,French Polynesia
Arutua Airport,French Polynesia
Bora Bora Airport,French Polynesia
Fakarava Airport,French Polynesia
Totegegie Airport,French Polynesia
Hao Airport,French Polynesia
Huahine-Fare Airport,French Polynesia
Kaukura Airport,French Polynesia
Maupiti Airport,French Polynesia
Makemo Airport,French Polynesia
Mataiva Airport,French Polynesia
Raiatea Airport,French Polynesia
Rangiroa Airport,French Polynesia
Rimatara Airport,French Polynesia
Rurutu Airport,French Polynesia
Raivavae Airport,French Polynesia
Tikehau Airport,French Polynesia
Takapoto Airport,French Polynesia
Takaroa Airport,French Polynesia
Tubuai Airport,French Polynesia
Manihi Airport,French Polynesia
General Juan N Alvarez International Airport,Mexico
Ixtapa Zihuatanejo International Airport,Mexico
Khasab Air Base,Oman
Joenkoeping Airport,Sweden
Arvidsjaur Airport,Sweden
Gallivare Airport,Sweden
Kramfors Solleftea Airport,Sweden
Lycksele Airport,Sweden
Deadman's Cay Airport,Bahamas
Rum Cay Airport,Bahamas
Rock Sound Airport,Bahamas
Stella Maris Airport,Bahamas
San Salvador Airport,Bahamas
Presidente Prudente Airport,Brazil
Serafin Enoss Bertaso Airport,Brazil
Dunedin Airport,New Zealand
San Sebastian Airport,Spain
Francistown Airport,Botswana
Amborovy Airport,Madagascar
Sainte Marie Airport,Madagascar
Mwanza Airport,Tanzania
Bornholm Airport,Denmark
Shannon Airport,Ireland
Abeid Amani Karume International Airport,Tanzania
Amilcar Cabral International Airport,Cape Verde
Sao Pedro Airport,Cape Verde
Cambridge Bay Airport,Canada
Sri Guru Ram Dass Jee International Airport,India
Bhuj Airport,India
Sir Seewoosagur Ramgoolam International Airport,Mauritius
Roland Garros Airport,Reunion
Mohammed V International Airport,Morocco
Saiss Airport,Morocco
Ketapang(Rahadi Usman) Airport,Indonesia
Iskandar Airport,Indonesia
Dzaoudzi Pamandzi International Airport,Mayotte
Wamena Airport,Indonesia
Siem Reap International Airport,Cambodia
Buon Ma Thuot Airport,Vietnam
Dong Hoi Airport,Vietnam
Vinh Airport,Vietnam
El Eden Airport,Colombia
Luang Phabang International Airport,Laos
Pakse International Airport,Laos
Wattay International Airport,Laos
Guillermo Leon Valencia Airport,Colombia
Ardabil Airport,Iran
Dezful Airport,Iran
Araguaina Airport,Brazil
Cascavel Airport,Brazil
Dourados Airport,Brazil
Mario de Almeida Franco Airport,Brazil
Memmingen Allgau Airport,Germany
Soenderborg Airport,Denmark
Kugluktuk Airport,Canada
Ulukhaktok Holman Airport,Canada
Gjoa Haven Airport,Canada
Taloyoak Airport,Canada
Las Brujas Airport,Colombia
Lengpui Airport,India
Raja Bhoj International Airport,India
Diu Airport,India
Gorakhpur Airport,India
Devi Ahilyabai Holkar Airport,India
Agartala Airport,India
Madurai Airport,India
Birsa Munda Airport,India
Jodhpur Airport,India
Lok Nayak Jayaprakash Airport,India
Porbandar Airport,India
Pune Airport,India
Rajahmundry Airport,India
Tiruchirapally Civil Airport Airport,India
Maharana Pratap Airport,India
Lal Bahadur Shastri Airport,India
Rodez-Marcillac Airport,France
Araraquara Airport,Brazil
Aracatuba Airport,Brazil
Atlas Brasil Cantanhede Airport,Brazil
Brigadeiro Camario Airport,Brazil
Bonito Airport,Brazil
Bartolomeu Lisandro Airport,Brazil
Diomicio Freitas Airport,Brazil
Cabo Frio Airport,Brazil
Corumba International Airport,Brazil
Coronel Altino Machado de Oliveira Airport,Brazil
Usiminas Airport,Brazil
Zona da Mata Regional Airport,Brazil
Bauru - Arealva Airport,Brazil
Coronel Horacio de Mattos Airport,Brazil
Alberto Alcolumbre Airport,Brazil
Frank Miloye Milenkowichi Marilia State Airport,Brazil
Paulo Afonso Airport,Brazil
Pelotas International Airport,Brazil
Lauro Kurtz Airport,Brazil
Prefeito Doutor Joao Silva Filho Airport,Brazil
Parintins Airport,Brazil
Maestro Marinho Franco Airport,Brazil
Trombetas Airport,Brazil
Tucurui Airport,Brazil
Saint-Etienne-Boutheon Airport,France
Pierrefonds Airport,Reunion
Cherif Al Idrissi Airport,Morocco
Rabat-Sale Airport,Morocco
Tan Tan Airport,Morocco
Saniat R'mel Airport,Morocco
El Yopal Airport,Colombia
Gustavo Artunduaga Paredes Airport,Colombia
La Nubia Airport,Colombia
La Florida Airport,Chile
Kajaani Airport,Finland
Kuusamo Airport,Finland
Kemi-Tornio Airport,Finland
Norrkoeping Airport,Sweden
Savonlinna Airport,Finland
Tartu Airport,Estonia
Brunei International Airport,Brunei
Kuching International Airport,Malaysia
Mulu Airport,Malaysia
Angelholm-Helsingborg Airport,Sweden
Gothenburg City Airport,Sweden
Malmoe Sturup Airport,Sweden
Libreville Leon M'ba International Airport,Gabon
Malabo Airport,Equatorial Guinea
Karup Airport,Denmark
Cork Airport,Ireland
Bandar Lengeh Airport,Iran
Gorgan Airport,Iran
Gachsaran Airport,Iran
Kerman Airport,Iran
Khoy Airport,Iran
Lamerd Airport,Iran
Lar Airport,Iran
Noshahr Airport,Iran
Parsabade Moghan Airport,Iran
Ramsar Airport,Iran
Yasouj Airport,Iran
Cabinda Airport,Angola
Mbanza Congo Airport,Angola
Soyo Airport,Angola
Lampedusa Airport,Italy
Pantelleria Airport,Italy
Vincenzo Florio Airport Trapani-Birgi,Italy
Sultan Abdul Halim Airport,Malaysia
Sultan Iskandar Muda International Airport,Indonesia
Sultan Azlan Shah Airport,Malaysia
Senai International Airport,Malaysia
Sultan Ismail Petra Airport,Malaysia
Kerteh Airport,Malaysia
Kuantan Airport,Malaysia
Langkawi International Airport,Malaysia
Penang International Airport,Malaysia
Sultan Syarif Kasim Ii (Simpang Tiga) Airport,Indonesia
Sultan Mahmud Airport,Malaysia
Samui Airport,Thailand
Melilla Airport,Spain
Supadio Airport,Indonesia
Adi Sumarmo Wiryokusumo Airport,Indonesia
Haifa International Airport,Israel
Banja Luka International Airport,Bosnia and Herzegovina
Sihanoukville International Airport,Cambodia
Sambava Airport,Madagascar
Toliara Airport,Madagascar
Sir Charles Gaetan Duval Airport,Mauritius
Al Massira Airport,Morocco
Hassan I Airport,Western Sahara
La Gomera Airport,Spain
La Palma Airport,Spain
Tenerife South Airport,Spain
Hierro Airport,Spain
Queenstown International Airport,New Zealand
Krabi Airport,Thailand
Lampang Airport,Thailand
Naypyidaw Airport,Burma
Trat Airport,Thailand
Sukhothai Airport,Thailand
U-Tapao International Airport,Thailand
Prince Said Ibrahim International Airport,Comoros
Songwe Airport,Tanzania
Chiang Mai International Airport,Thailand
Ban Huoeisay Airport,Laos
Xishuangbanna Gasa Airport,China
Luang Namtha Airport,Laos
Oudomsay Airport,Laos
Xieng Khouang Airport,Laos
Savannakhet Airport,Laos
Daniel K Inouye International Airport,United States
Lihue Airport,United States
Kahului Airport,United States
Djerba Zarzis International Airport,Tunisia
Tozeur Nefta International Airport,Tunisia
Nizhny Novgorod Strigino International Airport,Russia
Khanty Mansiysk Airport,Russia
Donskoye Airport,Russia
Kursk East Airport,Russia
Ca Mau Airport,Vietnam
Da Nang International Airport,Vietnam
Dien Bien Phu Airport,Vietnam
Lien Khuong Airport,Vietnam
Cat Bi International Airport,Vietnam
Phu Quoc International Airport,Vietnam
Pleiku Airport,Vietnam
Dong Tac Airport,Vietnam
Can Tho International Airport,Vietnam
Chu Lai International Airport,Vietnam
Co Ong Airport,Vietnam
Rach Gia Airport,Vietnam
Rabil Airport,Cape Verde
Maio Airport,Cape Verde
Sao Filipe Airport,Cape Verde
Preguica Airport,Cape Verde
Kengtung Airport,Burma
Kyaukpyu Airport,Burma
Myitkyina Airport,Burma
Putao Airport,Burma
Lanai Airport,United States
Kasane Airport,Botswana
Maun Airport,Botswana
Talagi Airport,Russia
Naryan Mar Airport,Russia
Jose Celestino Mutis Airport,Colombia
Gerardo Tobar Lopez Airport,Colombia
Juan Casiano Airport,Colombia
Caucaya Airport,Colombia
Los Colonizadores Airport,Colombia
Jorge E. Gonzalez Torres Airport,Colombia
Gustavo Vargas Airport,Colombia
Villa Garzon Airport,Colombia
Agen-La Garenne Airport,France
Aurillac Airport,France
Brive Souillac Airport,France
Castres-Mazamet Airport,France
Lannion-Cote de Granit Airport,France
Poitiers-Biard Airport,France
Tautii Magheraus Airport,Romania
Oradea International Airport,Romania
Satu Mare Airport,Romania
Transilvania Tirgu Mures International Airport,Romania
Funafuti International Airport,Tuvalu
Labasa Airport,Fiji
Fua'amotu International Airport,Tonga
Molokai Airport,United States
Bukoba Airport,Tanzania
Chita-Kadala Airport,Russia
Igarka Airport,Russia
Podkamennaya Tunguska Airport,Russia
Turukhansk Airport,Russia
Bogashevo Airport,Russia
Southend Airport,United Kingdom
Milan Rastislav Stefanik Airport,Slovakia
Kosice Airport,Slovakia
Ostrava Leos Janacek Airport,Czech Republic
Arusha Airport,Tanzania
Mtwara Airport,Tanzania
Old Arctic Bay Airport,Canada
Clyde River Airport,Canada
Igloolik Airport,Canada
Pond Inlet Airport,Canada
Cape Dorset Airport,Canada
Repulse Bay Airport,Canada
Hall Beach Airport,Canada
Qikiqtarjuaq Airport,Canada
Pangnirtung Airport,Canada
Romeu Zema Airport,Brazil
Barcelos Airport,Brazil
Coari Airport,Brazil
Eirunepe Airport,Brazil
Tapuruquara Airport,Brazil
Macae Airport,Brazil
Senadora Eunice Micheles Airport,Brazil
Patos de Minas Airport,Brazil
General Leite de Castro Airport,Brazil
Sao Gabriel da Cachoeira Airport,Brazil
Blackpool International Airport,United Kingdom
Bournemouth Airport,United Kingdom
Kerry Airport,Ireland
Rar Gwamar Airport,Indonesia
Oksibil Airport,Indonesia
Saumlaki/Olilit Airport,Indonesia
Gillam Airport,Canada
Sanikiluaq Airport,Canada
Dakhla Airport,Western Sahara
Pietermaritzburg Airport,South Africa
Joshua Mqabuko Nkomo International Airport,Zimbabwe
Umea Airport,Sweden
Kirensk Airport,Russia
Bodaybo Airport,Russia
Ust-Kut Airport,Russia
Lensk Airport,Russia
Solovki Airport,Russia
Usinsk Airport,Russia
Semipalatinsk Airport,Kazakhstan
Petropavlosk South Airport,Kazakhstan
Uralsk Airport,Kazakhstan
Berbera Airport,Somalia
Bosaso Airport,Somalia
Galcaio Airport,Somalia
Kiev Zhuliany International Airport,Ukraine
Zaporizhzhia International Airport,Ukraine
Chokurdakh Airport,Russia
Cherskiy Airport,Russia
Moma Airport,Russia
Sakkyryr Airport,Russia
Ust-Tsylma Airport,Russia
London Heathrow Airport,United Kingdom
Bandaranaike International Colombo Airport,Sri Lanka
N'Djamena International Airport,Chad
Urmia Airport,Iran
Bratsk Airport,Russia
Antonio Maceo International Airport,Cuba
Mariana Grajales Airport,Cuba
Frank Pais International Airport,Cuba
Uzhhorod International Airport,Ukraine
Gimpo International Airport,South Korea
Calicut International Airport,India
Shanghai Pudong International Airport,China
Kansai International Airport,Japan
Yelizovo Airport,Russia
Matsuyama Airport,Japan
Izumo Airport,Japan
Tokushima Airport/JMSDF Air Base,Japan
Dalaman International Airport,Turkey
Dallas Love Field,United States
Vadodara Airport,India
Esenboga International Airport,Turkey
Hatay Airport,Turkey
Adana Airport,Turkey
Erzurum International Airport,Turkey
Sanliurfa GAP Airport,Turkey
Abbotsford Airport,Canada
Northwest Florida Beaches International Airport,United States
Branson Airport,United States
Trabzon International Airport,Turkey
Bethel Airport,United States
Hobart International Airport,Australia
Hakodate Airport,Japan
Akita Airport,Japan
Gimhae International Airport,South Korea
Daegu Airport,South Korea
Svalbard Airport,Norway
Jammu Airport,India
Milas Bodrum International Airport,Turkey
Karlsruhe Baden-Baden Airport,Germany
Sam Mbakwe International Airport,Nigeria
Margaret Ekpo International Airport,Nigeria
Angads Airport,Morocco
Gaziantep International Airport,Turkey
Jaipur International Airport,India
John Wayne Airport-Orange County Airport,United States
Viru Viru International Airport,Bolivia
Yancheng Airport,China
Pohnpei International Airport,Micronesia
Chuuk International Airport,Micronesia
Yap International Airport,Micronesia
Port Harcourt International Airport,Nigeria
Saurimo Airport,Angola
Bhavnagar Airport,India
Dr. Babasaheb Ambedkar International Airport,India
Rajkot Airport,India
Vishakhapatnam Airport,India
Osvaldo Vieira International Airport,Guinea-Bissau
Ashgabat International Airport,Turkmenistan
Khudzhand Airport,Tajikistan
Osh Airport,Kyrgyzstan
Maya-Maya Airport,Republic of Congo
Catumbela Airport,Angola
Luena Airport,Angola
Malanje Airport,Angola
Namibe Airport,Angola
Nova Lisboa Airport,Angola
Lubango Airport,Angola
Menongue Airport,Angola
Kuito Airport,Angola
Sao Tome International Airport,Sao Tome and Principe
Ngjiva Pereira Airport,Angola
Cruzeiro do Sul Airport,Brazil
Huangyan Luqiao Airport,China
Lijiang Airport,China
Yangzhou Taizhou Airport,China
Nouakchott Oumtounsy International Airport,Mauritania
Tazadit Airport,Mauritania
Pointe Noire Airport,Republic of Congo
Antalya International Airport,Turkey
Dortmund Airport,Germany
Erfurt Airport,Germany
Zonguldak Airport,Turkey
Berlin-Schonefeld Airport,Germany
Capital City Airport,United States
Canakkale Airport,Turkey
Gazipaia Airport,Turkey
Atyrau Airport,Kazakhstan
Asaba International Airport,Nigeria
Akanu Ibiam International Airport,Nigeria
Yakubu Gowon Airport,Nigeria
Jeju International Airport,South Korea
Gwangju Airport,South Korea
Mekele Airport,Ethiopia
Soummam Airport,Algeria
Zenata Messali El Hadj Airport,Algeria
Chandigarh Airport,India
Nador International Airport,Morocco
Ouarzazate Airport,Morocco
Aurangabad Airport,India
Norilsk-Alykel Airport,Russia
Ndjili International Airport,Democratic Republic of Congo
Cardak Airport,Turkey
Suleyman Demirel International Airport,Turkey
Sardar Vallabhbhai Patel International Airport,India
Keflavik International Airport,Iceland
Hewanorra International Airport,Saint Lucia
Sheikh ul Alam Airport,India
Kos Airport,Greece
Diori Hamani International Airport,Niger
Adnan Menderes International Airport,Turkey
Babelthuap Airport,Palau
Ciudad del Carmen International Airport,Mexico
Dera Ghazi Khan Airport,Pakistan
Beijing Nanyuan Airport,China
Skelleftea Airport,Sweden
Kiruna Airport,Sweden
Fukushima Airport,Japan
Valley International Airport,United States
Adak Airport,United States
Kisumu Airport,Kenya
Arrachart Airport,Madagascar
Tolanaro Airport,Madagascar
Fascene Airport,Madagascar
Learmonth Airport,Australia
Lhasa Gonggar Airport,China
Khon Kaen Airport,Thailand
Hat Yai International Airport,Thailand
Cayenne-Rochambeau Airport,French Guiana
Sunan Shuofang International Airport,China
Kayseri Erkilet Airport,Turkey
Lamezia Terme Airport,Italy
Gurayat Domestic Airport,Saudi Arabia
Xuzhou Guanyin Airport,China
Mbandaka Airport,Democratic Republic of Congo
Aqaba King Hussein International Airport,Jordan
Kalamata Airport,Greece
Chania International Airport,Greece
Mikonos Airport,Greece
Kalibo International Airport,Philippines
Yariguies Airport,Colombia
Faisalabad International Airport,Pakistan
Van Ferit Melen Airport,Turkey
San Cristobal Airport,Ecuador
Corpus Christi International Airport,United States
Diyarbakir Airport,Turkey
Pescara International Airport,Italy
Abel Santamaria Airport,Cuba
Cap FAP David Abenzur Rengifo International Airport,Peru
Cadete FAP Guillermo Del Castillo Paredes Airport,Peru
Alejandro Velasco Astete International Airport,Peru
Momote Airport,Papua New Guinea
Mbuji Mayi Airport,Democratic Republic of Congo
Porto Santo Airport,Portugal
Bushehr Airport,Iran
Birjand Airport,Iran
Buka Airport,Papua New Guinea
Kavieng Airport,Papua New Guinea
Bojnord Airport,Iran
General Abelardo L. Rodriguez International Airport,Mexico
Miho Yonago Airport,Japan
Lajes Airport,Portugal
Takamatsu Airport,Japan
Kushiro Airport,Japan
Ellison Onizuka Kona International At Keahole Airport,United States
Tottori Airport,Japan
Ercan International Airport,Cyprus
Shonai Airport,Japan
Malatya Erhac Airport,Turkey
Nevsehir Kapadokya Airport,Turkey
Asahikawa Airport,Japan
Saga Airport,Japan
Cam Ranh Airport,Vietnam
Al Maktoum International Airport,United Arab Emirates
Almirante Padilla Airport,Colombia
Alfonso Lopez Pumarejo Airport,Colombia
Konya Airport,Turkey
Rovaniemi Airport,Finland
Toyama Airport,Japan
Kobe Airport,Japan
Samarkand Airport,Uzbekistan
Fergana International Airport,Uzbekistan
Namangan Airport,Uzbekistan
Mutiara Airport,Indonesia
Jalaluddin Airport,Indonesia
Rafael Hernandez Airport,Puerto Rico
Yuncheng Guangong Airport,China
Odate Noshiro Airport,Japan
Hachijojima Airport,Japan
Brussels South Charleroi Airport,Belgium
Balikesir Korfez Airport,Turkey
Erzincan Airport,Turkey
Kahramanmaras Airport,Turkey
Adiyaman Airport,Turkey
Mihail Kogalniceanu International Airport,Romania
Juan Gualberto Gomez International Airport,Cuba
New Ishigaki Airport,Japan
Dayong Airport,China
Iwakuni Marine Corps Air Station,Japan
Noto Airport,Japan
Tokachi-Obihiro Airport,Japan
Dali Airport,China
Tengchong Tuofeng Airport,China
Zhaotong Airport,China
Yuzhno-Sakhalinsk Airport,Russia
Jorge Wilsterman International Airport,Bolivia
Mangshi Airport,China
Pu'er Simao Airport,China
Minangkabau International Airport,Indonesia
Mattala Rajapaksa International Airport,Sri Lanka
Kota Kinabalu International Airport,Malaysia
Yanji Chaoyangchuan Airport,China
Al Najaf International Airport,Iraq
Cheongju International Airport/Cheongju Air Base (K-59/G-513),South Korea
Taif Regional Airport,Saudi Arabia
Barnaul Airport,Russia
London Luton Airport,United Kingdom
Faleolo International Airport,Samoa
Dushanbe Airport,Tajikistan
Batman Airport,Turkey
Sivas Nuri Airport,Turkey
Iwami Airport,Japan
Yeosu Airport,South Korea
Simferopol International Airport,Ukraine
Enfidha - Hammamet International Airport,Tunisia
Iloilo International Airport,Philippines
Puerto Princesa Airport,Philippines
Reggio Calabria Airport,Italy
Andres Sabella International Airport,Chile
Desierto de Atacama Airport,Chile
Diego Aracena Airport,Chile
Carriel Sur Airport,Chile
Capitan FAP Jose A Quinones Gonzales International Airport,Peru
Capitan FAP Carlos Martinez De Pinillos International Airport,Peru
Atlantic City International Airport,United States
Jiuzhai Huanglong Airport,China
Anapa Vityazevo Airport,Russia
Gelendzhik Airport,Russia
Spichenkovo Airport,Russia
Belfast International Airport,United Kingdom
Gibraltar Airport,Gibraltar
Licenciado y General Ignacio Lopez Rayon Airport,Mexico
Tagbilaran Airport,Philippines
RAAF Base Curtin,Australia
Kastamonu Airport,Turkey
Kars Airport,Turkey
Zafer Airport,Turkey
Awang Airport,Philippines
Bagdogra Airport,India
Ivalo Airport,Finland
Kittila Airport,Finland
Saertu Airport,China
Chacalluta Airport,Chile
Balmaceda Airport,Chile
El Loa Airport,Chile
El Tepual Airport,Chile
Coronel FAP Carlos Ciriani Santa Rosa International Airport,Peru
Udon Thani Airport,Thailand
Sinop Airport,Turkey
Horta Airport,Portugal
Abraham Gonzalez International Airport,Mexico
L.F. Wade International International Airport,Bermuda
Sialkot Airport,Pakistan
Bangui M'Poko International Airport,Central African Republic
Ugolny Airport,Russia
Vilo Acuna International Airport,Cuba
Yamaguchi Ube Airport,Japan
Pago Pago International Airport,American Samoa
Mataveri Airport,Chile
Federico Fellini International Airport,Italy
El Alto International Airport,Bolivia
Andizhan Airport,Uzbekistan
Pevek Airport,Russia
Sultan Thaha Airport,Indonesia
Tjilik Riwut Airport,Indonesia
Sacheon Air Base/Airport,South Korea
Kunsan Air Base,South Korea
Wonju/Hoengseong Air Base (K-38/K-46),South Korea
Sibu Airport,Malaysia
Yichun Mingyueshan Airport,China
Yichang Sanxia Airport,China
Dibrugarh Airport,India
Raipur Airport,India
Enshi Airport,China
Djanet Inedbirene Airport,Algeria
Mogador Airport,Morocco
Dandong Airport,China
Jingdezhen Airport,China
Jinggangshan Airport,China
Quzhou Airport,China
Qiqihar Sanjiazi Airport,China
Wuhai Airport,China
Nanping Wuyishan Airport,China
Xilinhot Airport,China
Chiang Rai International Airport,Thailand
Nakhon Phanom Airport,Thailand
Nakhon Si Thammarat Airport,Thailand
Phitsanulok Airport,Thailand
Roi Et Airport,Thailand
Sakon Nakhon Airport,Thailand
Trang Airport,Thailand
Ubon Ratchathani Airport,Thailand
Surat Thani Airport,Thailand
Alghero-Fertilia Airport,Italy
Il Caravaggio International Airport,Italy
Brno-Turany Airport,Czech Republic
Bydgoszcz Ignacy Jan Paderewski Airport,Poland
Beziers-Vias Airport,France
Carcassonne Airport,France
Ciampino G. B. Pastine International Airport,Italy
Cuneo International Airport,Italy
Dole-Tavaux Airport,France
Eindhoven Airport,Netherlands
Nimes-Arles-Camargue Airport,France
Araxos Airport,Greece
Girona Airport,Spain
Eelde Airport,Netherlands
Frankfurt-Hahn Airport,Germany
Kaunas International Airport,Lithuania
Luebeck Blankensee Airport,Germany
City of Derry Airport,United Kingdom
Lappeenranta Airport,Finland
Maastricht Aachen Airport,Netherlands
Weeze Airport,Germany
Stockholm Skavsta Airport,Sweden
Plovdiv International Airport,Bulgaria
Perugia San Francesco d'Assisi Umbria International Airport,Italy
Glasgow Prestwick Airport,United Kingdom
Parma Airport,Italy
Reus Air Base,Spain
Moss Airport,Norway
Santander Airport,Spain
Treviso-Sant'Angelo Airport,Italy
Tours-Val-de-Loire Airport,France
Nea Anchialos Airport,Greece
Stockholm Vasteras Airport,Sweden
Modlin Airport,Poland
Chalons-Vatry Airport,France
Frans Kaisiepo Airport,Indonesia
Mopah Airport,Indonesia
Moses Kilangin Airport,Indonesia
Yan'an Ershilipu Airport,China
Weifang Airport,China
Al Ain International Airport,United Arab Emirates
Lanseria Airport,South Africa
Diosdado Macapagal International Airport,Philippines
Changbaishan Airport,China
Monbetsu Airport,Japan
Nakashibetsu Airport,Japan
Elazig Airport,Turkey
Mardin Airport,Turkey
Mus Airport,Turkey
Amasya Merzifon Airport,Turkey
Orsk Airport,Russia
Orenburg Central Airport,Russia
Agri Airport,Turkey
Anadolu Airport,Turkey
Bingol Geltiksuyu Airport,Turkey
Igdir Airport,Turkey
Hilo International Airport,United States
Kosrae International Airport,Micronesia
Bucholz Army Air Field,Marshall Islands
Marshall Islands International Airport,Marshall Islands
Abakan Airport,Russia
Aden Adde International Airport,Somalia
Diqing Airport,China
Alice Springs Airport,Australia
General Rodolfo Sanchez Taboada International Airport,Mexico
El Calafate Airport,Argentina
Libertador Gral D Jose De San Martin Airport,Argentina
Resistencia International Airport,Argentina
Vicecomodoro Angel D. La Paz Aragones Airport,Argentina
Teniente Benjamin Matienzo Airport,Argentina
Domingo Faustino Sarmiento Airport,Argentina
Malvinas Argentinas Airport,Argentina
Hyakuri Airport,Japan
Miyako Airport,Japan
Chaoyang Airport,China
Dachuan Airport,China
Guangyuan Airport,China
Ulanhot Airport,China
Wanxian Airport,China
Yibin Caiba Airport,China
Zhoushan Airport,China
Jiuhuashan Airport,China
Anshan Air Base,China
Jixi Xingkaihu Airport,China
Nyala Airport,Sudan
Egal International Airport,Somalia
Miri Airport,Malaysia
Sitka Rocky Gutierrez Airport,United States
Foshan Shadi Airport,China
Jiayuguan Airport,China
Jinchuan Airport,China
Oyo Ollombo Airport,Republic of Congo
Lingling Airport,China
Oshima Airport,Japan
Wakkanai Airport,Japan
Rodriguez Ballan International Airport,Peru
Capitan FAP Guillermo Concha Iberico International Airport,Peru
Garoua International Airport,Cameroon
Salak Airport,Cameroon
N'gaoundere Airport,Cameroon
Ech Cheliff Airport,Algeria
Kemerovo Airport,Russia
Kokshetau Airport,Kazakhstan
Pardubice Airport,Czech Republic
Stavropol Shpakovskoye Airport,Russia
Victoria Falls International Airport,Zimbabwe
Kumejima Airport,Japan
Baoshan Yunduan Airport,China
Lintsang Airfield,China
Bardufoss Airport,Norway
Eldoret International Airport,Kenya
Goloson International Airport,Honduras
Capitan Anibal Arab Airport,Bolivia
Juana Azurduy De Padilla Airport,Bolivia
Capitan Oriel Lea Plaza Airport,Bolivia
Nauru International Airport,Nauru
Bonriki International Airport,Kiribati
Asmara International Airport,Eritrea
Massawa International Airport,Eritrea
Angel Albino Corzo International Airport,Mexico
General Santos International Airport,Philippines
Tirupati Airport,India
Muan International Airport,South Korea
Kulob Airport,Tajikistan
Kassel-Calden Airport,Germany
Jizan Regional Airport,Saudi Arabia
Phu Bai Airport,Vietnam
Phu Cat Airport,Vietnam
Bancasi Airport,Philippines
Roxas Airport,Philippines
Zhongwei Shapotou Airport,China
Chetumal International Airport,Mexico
Bahias de Huatulco International Airport,Mexico
Licenciado Adolfo Lopez Mateos International Airport,Mexico
Kitakyushu Airport,Japan
Inca Manco Capac International Airport,Peru
Liege Airport,Belgium
Dimapur Airport,India
Khajuraho Airport,India
Bintulu Airport,Malaysia
Labuan Airport,Malaysia
Sandakan Airport,Malaysia
Tawau Airport,Malaysia
Mercedita Airport,Puerto Rico
Bangoka International Airport,Democratic Republic of Congo
Gemena Airport,Democratic Republic of Congo
Kananga Airport,Democratic Republic of Congo
Jardines Del Rey Airport,Cuba
Ignacio Agramonte International Airport,Cuba
Heihe Airport,China
Lindu Airport,China
Taraz Airport,Kazakhstan
Qurghonteppa International Airport,Tajikistan
Seymour Airport,Ecuador
New Castle Airport,United States
Narathiwat Airport,Thailand
Grand Forks International Airport,United States
Niagara Falls International Airport,United States
Rickenbacker International Airport,United States
Chicago Rockford International Airport,United States
Leh Kushok Bakula Rimpochee Airport,India
Longyan Guanzhishan Airport,China
Yangyang International Airport,South Korea
Ostend-Bruges International Airport,Belgium
Pdte. Carlos Ibanez del Campo Airport,Chile
Mostar International Airport,Bosnia and Herzegovina
Guarani International Airport,Paraguay
Avalon Airport,Australia
Sunshine Coast Airport,Australia
Mocopulli Airport,Chile
Mount Pleasant Airport,Falkland Islands
Capitan FAP Pedro Canga Rodriguez Airport,Peru
Zhangye Ganzhou Airport,China
Arnold Palmer Regional Airport,United States
Niue International Airport,Niue
Norfolk Island International Airport,Norfolk Island
Karlovy Vary International Airport,Czech Republic
Pohang Airport (G-815/K-3),South Korea
Ulsan Airport,South Korea
Laoag International Airport,Philippines
Pico Airport,Portugal
Al Baha Airport,Saudi Arabia
Gabala International Airport,Azerbaijan
Lankaran International Airport,Azerbaijan
Gyumri Shirak Airport,Armenia
Canaima Airport,Venezuela
Newman Airport,Australia
Vinnytsia/Gavyryshivka Airport,Ukraine
Arad International Airport,Romania
Craiova Airport,Romania
Debrecen International Airport,Hungary
Kopitnari Airport,Georgia
Tuzla International Airport,Bosnia and Herzegovina
Daocheng Yading Airport,China
Gannan Xiahe Airport,China
Nyingchi Airport,China
Bao'anying Airport,China
Heringsdorf Airport,Germany
Cauayan Airport,Philippines
San Jose Airport,Philippines
Virac Airport,Philippines
Jamnagar Airport,India
Vijayawada Airport,India
Kuopio Airport,Finland
Qamdo Bangda Airport,China
Libo Airport,China
Gu-Lian Airport,China
Yeager Airport,United States
Trenton Mercer Airport,United States
Northeast Florida Regional Airport,United States
Ogden Hinckley Airport,United States
Provo Municipal Airport,United States
St Cloud Regional Airport,United States
Pichoy Airport,Chile
La Araucania Airport,Chile
Erenhot Saiwusu International Airport,China
Arxan Yi'ershi Airport,China
Mayor General FAP Armando Revoredo Iglesias Airport,Peru
Padre Aldamiz International Airport,Peru
Canal Bajo Carlos - Hott Siebert Airport,Chile
Golmud Airport,China
Kangding Airport,China
Ngari Gunsa Airport,China
Yushu Batang Airport,China
Vagar Airport,Faroe Islands
Beslan Airport,Russia
Gorno-Altaysk Airport,Russia
Hamburg-Finkenwerder Airport,Germany
Nakhchivan Airport,Azerbaijan
Bata Airport,Equatorial Guinea
Takoradi Airport,Ghana
Coronel FAP Alfredo Mendivil Duarte Airport,Peru
Alferez Fap David Figueroa Fernandini Airport,Peru
Kindu Airport,Democratic Republic of Congo
Zabol Airport,Iran
Sabzevar National Airport,Iran
Bam Airport,Iran
Hamadan Airport,Iran
Ilam Airport,Iran
Persian Gulf International Airport,Iran
Sanandaj Airport,Iran
Khoram Abad Airport,Iran
Futuna Airport,Wallis and Futuna
Luis Munoz Marin International Airport,Argentina
Cibao International Airport,Spain
Sydney Kingsford Smith International Airport,Canada
Richmond Airport,United States
London City Airport,Canada
Victoria Regional Airport,Canada
Birmingham-Shuttlesworth International Airport,United Kingdom
Arturo Michelena International Airport,Spain
Norman Y. Mineta San Jose International Airport,Costa Rica
St Petersburg Clearwater International Airport,Russia
Filippos Airport,Greece
London Heathrow Airport,Canada
Norman Manley International Airport,Canada
Alberto Carnevalli Airport,Mexico
Kalemie Airport,Democratic Republic of Congo
Dalanzadgad Airport,Mongolia
Albany Airport,United States
Abraham Lincoln Capital Airport,United States
Waterloo Regional Airport,Canada
Fort Smith Regional Airport,Canada
Santa Fe Municipal Airport,Argentina
Alexandria International Airport,Egypt
Breves Airport,Brazil
JAGS McCartney International Airport,Bahamas
Oriximina Airport,Brazil
London Gatwick Airport,Canada
Presidente Joao Batista Figueiredo Airport,Turkey
London Stansted Airport,Canada
Comodoro Arturo Merino Benitez International Airport,Spain
Mayor Buenaventura Vivas International Airport,Dominican Republic
Cheddi Jagan International Airport,Cayman Islands
Santa Rosa International Airport,Argentina
Teniente Coronel Luis a Mantilla Airport,Ecuador
Santa Ana Airport,United States
F. D. Roosevelt Airport,Aruba
Angoon Seaplane Base,United States
Tri-Cities Regional TN/VA Airport,United Kingdom
Florence Regional Airport,Italy
Cochin International Airport,Japan
Charles M. Schulz Sonoma County Airport,Argentina
Eugene F. Correira International Airport,Cayman Islands
General Jose Antonio Anzoategui International Airport,Spain
St Michael Airport,United States
Karluk Airport,United States
Eqalugaarsuit Heliport,Greenland
St Pierre Airport,Reunion
Atlas Brasil Cantanhede Airport,Cape Verde
Northwest Florida Beaches International Airport,Panama
London Luton Airport,Canada
El Alto International Airport,Mexico
San Jose Airport,Costa Rica
